ID_Segment;ID_country; ID_Product ;ID_Band;Units Sold; Sale Price ; Gross Sales ; Discounts ;  Sales ; COGS ; Profit ;Date;Month Number; Month Name ;Year
1;1;1;1;1618.5; $20.00 ; $32,370.00 ; $-   ; $32,370.00 ; $16,185.00 ; $16,185.00 ;1/01/2014;1; January ;2014
1;2;1;1;1321; $20.00 ; $26,420.00 ; $-   ; $26,420.00 ; $13,210.00 ; $13,210.00 ;1/01/2014;1; January ;2014
2;3;1;1;2178; $15.00 ; $32,670.00 ; $-   ; $32,670.00 ; $21,780.00 ; $10,890.00 ;1/06/2014;6; June ;2014
2;2;1;1;888; $15.00 ; $13,320.00 ; $-   ; $13,320.00 ; $8,880.00 ; $4,440.00 ;1/06/2014;6; June ;2014
2;4;1;1;2470; $15.00 ; $37,050.00 ; $-   ; $37,050.00 ; $24,700.00 ; $12,350.00 ;1/06/2014;6; June ;2014
1;2;1;1;1513; $350.00 ; $529,550.00 ; $-   ; $529,550.00 ; $393,380.00 ; $136,170.00 ;1/12/2014;12; December ;2014
2;2;2;1;921; $15.00 ; $13,815.00 ; $-   ; $13,815.00 ; $9,210.00 ; $4,605.00 ;1/03/2014;3; March ;2014
3;1;2;1;2518; $12.00 ; $30,216.00 ; $-   ; $30,216.00 ; $7,554.00 ; $22,662.00 ;1/06/2014;6; June ;2014
1;3;2;1;1899; $20.00 ; $37,980.00 ; $-   ; $37,980.00 ; $18,990.00 ; $18,990.00 ;1/06/2014;6; June ;2014
3;2;2;1;1545; $12.00 ; $18,540.00 ; $-   ; $18,540.00 ; $4,635.00 ; $13,905.00 ;1/06/2014;6; June ;2014
2;4;2;1;2470; $15.00 ; $37,050.00 ; $-   ; $37,050.00 ; $24,700.00 ; $12,350.00 ;1/06/2014;6; June ;2014
4;1;2;1;2665.5; $125.00 ; $333,187.50 ; $-   ; $333,187.50 ; $319,860.00 ; $13,327.50 ;1/07/2014;7; July ;2014
5;4;2;1;958; $300.00 ; $287,400.00 ; $-   ; $287,400.00 ; $239,500.00 ; $47,900.00 ;1/08/2014;8; August ;2014
1;2;2;1;2146; $7.00 ; $15,022.00 ; $-   ; $15,022.00 ; $10,730.00 ; $4,292.00 ;1/09/2014;9; September ;2014
4;1;2;1;345; $125.00 ; $43,125.00 ; $-   ; $43,125.00 ; $41,400.00 ; $1,725.00 ;1/10/2013;10; October ;2013
2;5;2;1;615; $15.00 ; $9,225.00 ; $-   ; $9,225.00 ; $6,150.00 ; $3,075.00 ;1/12/2014;12; December ;2014
1;1;3;1;292; $20.00 ; $5,840.00 ; $-   ; $5,840.00 ; $2,920.00 ; $2,920.00 ;1/02/2014;2; February ;2014
2;4;3;1;974; $15.00 ; $14,610.00 ; $-   ; $14,610.00 ; $9,740.00 ; $4,870.00 ;1/02/2014;2; February ;2014
3;1;3;1;2518; $12.00 ; $30,216.00 ; $-   ; $30,216.00 ; $7,554.00 ; $22,662.00 ;1/06/2014;6; June ;2014
1;2;3;1;1006; $350.00 ; $352,100.00 ; $-   ; $352,100.00 ; $261,560.00 ; $90,540.00 ;1/06/2014;6; June ;2014
3;2;3;1;367; $12.00 ; $4,404.00 ; $-   ; $4,404.00 ; $1,101.00 ; $3,303.00 ;1/07/2014;7; July ;2014
1;4;3;1;883; $7.00 ; $6,181.00 ; $-   ; $6,181.00 ; $4,415.00 ; $1,766.00 ;1/08/2014;8; August ;2014
2;3;3;1;549; $15.00 ; $8,235.00 ; $-   ; $8,235.00 ; $5,490.00 ; $2,745.00 ;1/09/2013;9; September ;2013
5;4;3;1;788; $300.00 ; $236,400.00 ; $-   ; $236,400.00 ; $197,000.00 ; $39,400.00 ;1/09/2013;9; September ;2013
2;4;3;1;2472; $15.00 ; $37,080.00 ; $-   ; $37,080.00 ; $24,720.00 ; $12,360.00 ;1/09/2014;9; September ;2014
1;5;3;1;1143; $7.00 ; $8,001.00 ; $-   ; $8,001.00 ; $5,715.00 ; $2,286.00 ;1/10/2014;10; October ;2014
1;1;3;1;1725; $350.00 ; $603,750.00 ; $-   ; $603,750.00 ; $448,500.00 ; $155,250.00 ;1/11/2013;11; November ;2013
3;5;3;1;912; $12.00 ; $10,944.00 ; $-   ; $10,944.00 ; $2,736.00 ; $8,208.00 ;1/11/2013;11; November ;2013
2;1;3;1;2152; $15.00 ; $32,280.00 ; $-   ; $32,280.00 ; $21,520.00 ; $10,760.00 ;1/12/2013;12; December ;2013
1;1;3;1;1817; $20.00 ; $36,340.00 ; $-   ; $36,340.00 ; $18,170.00 ; $18,170.00 ;1/12/2014;12; December ;2014
1;2;3;1;1513; $350.00 ; $529,550.00 ; $-   ; $529,550.00 ; $393,380.00 ; $136,170.00 ;1/12/2014;12; December ;2014
1;4;4;1;1493; $7.00 ; $10,451.00 ; $-   ; $10,451.00 ; $7,465.00 ; $2,986.00 ;1/01/2014;1; January ;2014
4;3;4;1;1804; $125.00 ; $225,500.00 ; $-   ; $225,500.00 ; $216,480.00 ; $9,020.00 ;1/02/2014;2; February ;2014
3;2;4;1;2161; $12.00 ; $25,932.00 ; $-   ; $25,932.00 ; $6,483.00 ; $19,449.00 ;1/03/2014;3; March ;2014
1;2;4;1;1006; $350.00 ; $352,100.00 ; $-   ; $352,100.00 ; $261,560.00 ; $90,540.00 ;1/06/2014;6; June ;2014
3;2;4;1;1545; $12.00 ; $18,540.00 ; $-   ; $18,540.00 ; $4,635.00 ; $13,905.00 ;1/06/2014;6; June ;2014
4;5;4;1;2821; $125.00 ; $352,625.00 ; $-   ; $352,625.00 ; $338,520.00 ; $14,105.00 ;1/08/2014;8; August ;2014
4;1;4;1;345; $125.00 ; $43,125.00 ; $-   ; $43,125.00 ; $41,400.00 ; $1,725.00 ;1/10/2013;10; October ;2013
5;1;5;1;2001; $300.00 ; $600,300.00 ; $-   ; $600,300.00 ; $500,250.00 ; $100,050.00 ;1/02/2014;2; February ;2014
3;2;5;1;2838; $12.00 ; $34,056.00 ; $-   ; $34,056.00 ; $8,514.00 ; $25,542.00 ;1/04/2014;4; April ;2014
2;3;5;1;2178; $15.00 ; $32,670.00 ; $-   ; $32,670.00 ; $21,780.00 ; $10,890.00 ;1/06/2014;6; June ;2014
2;2;5;1;888; $15.00 ; $13,320.00 ; $-   ; $13,320.00 ; $8,880.00 ; $4,440.00 ;1/06/2014;6; June ;2014
1;3;5;1;1527; $350.00 ; $534,450.00 ; $-   ; $534,450.00 ; $397,020.00 ; $137,430.00 ;1/09/2013;9; September ;2013
5;3;5;1;2151; $300.00 ; $645,300.00 ; $-   ; $645,300.00 ; $537,750.00 ; $107,550.00 ;1/09/2014;9; September ;2014
1;1;5;1;1817; $20.00 ; $36,340.00 ; $-   ; $36,340.00 ; $18,170.00 ; $18,170.00 ;1/12/2014;12; December ;2014
1;3;6;1;2750; $350.00 ; $962,500.00 ; $-   ; $962,500.00 ; $715,000.00 ; $247,500.00 ;1/02/2014;2; February ;2014
3;5;6;1;1953; $12.00 ; $23,436.00 ; $-   ; $23,436.00 ; $5,859.00 ; $17,577.00 ;1/04/2014;4; April ;2014
4;2;6;1;4219.5; $125.00 ; $527,437.50 ; $-   ; $527,437.50 ; $506,340.00 ; $21,097.50 ;1/04/2014;4; April ;2014
1;3;6;1;1899; $20.00 ; $37,980.00 ; $-   ; $37,980.00 ; $18,990.00 ; $18,990.00 ;1/06/2014;6; June ;2014
1;2;6;1;1686; $7.00 ; $11,802.00 ; $-   ; $11,802.00 ; $8,430.00 ; $3,372.00 ;1/07/2014;7; July ;2014
3;5;6;1;2141; $12.00 ; $25,692.00 ; $-   ; $25,692.00 ; $6,423.00 ; $19,269.00 ;1/08/2014;8; August ;2014
1;5;6;1;1143; $7.00 ; $8,001.00 ; $-   ; $8,001.00 ; $5,715.00 ; $2,286.00 ;1/10/2014;10; October ;2014
2;5;6;1;615; $15.00 ; $9,225.00 ; $-   ; $9,225.00 ; $6,150.00 ; $3,075.00 ;1/12/2014;12; December ;2014
1;3;3;2;3945; $7.00 ; $27,615.00 ; $276.15 ; $27,338.85 ; $19,725.00 ; $7,613.85 ;1/01/2014;1; January ;2014
2;3;3;2;2296; $15.00 ; $34,440.00 ; $344.40 ; $34,095.60 ; $22,960.00 ; $11,135.60 ;1/02/2014;2; February ;2014
1;3;3;2;1030; $7.00 ; $7,210.00 ; $72.10 ; $7,137.90 ; $5,150.00 ; $1,987.90 ;1/05/2014;5; May ;2014
1;3;4;2;639; $7.00 ; $4,473.00 ; $44.73 ; $4,428.27 ; $3,195.00 ; $1,233.27 ;1/11/2014;11; November ;2014
1;1;5;2;1326; $7.00 ; $9,282.00 ; $92.82 ; $9,189.18 ; $6,630.00 ; $2,559.18 ;1/03/2014;3; March ;2014
3;5;1;2;1858; $12.00 ; $22,296.00 ; $222.96 ; $22,073.04 ; $5,574.00 ; $16,499.04 ;1/02/2014;2; February ;2014
1;4;1;2;1210; $350.00 ; $423,500.00 ; $4,235.00 ; $419,265.00 ; $314,600.00 ; $104,665.00 ;1/03/2014;3; March ;2014
1;5;1;2;2529; $7.00 ; $17,703.00 ; $177.03 ; $17,525.97 ; $12,645.00 ; $4,880.97 ;1/07/2014;7; July ;2014
3;1;1;2;1445; $12.00 ; $17,340.00 ; $173.40 ; $17,166.60 ; $4,335.00 ; $12,831.60 ;1/09/2014;9; September ;2014
4;5;1;2;330; $125.00 ; $41,250.00 ; $412.50 ; $40,837.50 ; $39,600.00 ; $1,237.50 ;1/09/2013;9; September ;2013
3;3;1;2;2671; $12.00 ; $32,052.00 ; $320.52 ; $31,731.48 ; $8,013.00 ; $23,718.48 ;1/09/2014;9; September ;2014
3;2;1;2;766; $12.00 ; $9,192.00 ; $91.92 ; $9,100.08 ; $2,298.00 ; $6,802.08 ;1/10/2013;10; October ;2013
5;4;1;2;494; $300.00 ; $148,200.00 ; $1,482.00 ; $146,718.00 ; $123,500.00 ; $23,218.00 ;1/10/2013;10; October ;2013
1;4;1;2;1397; $350.00 ; $488,950.00 ; $4,889.50 ; $484,060.50 ; $363,220.00 ; $120,840.50 ;1/10/2014;10; October ;2014
1;3;1;2;2155; $350.00 ; $754,250.00 ; $7,542.50 ; $746,707.50 ; $560,300.00 ; $186,407.50 ;1/12/2014;12; December ;2014
2;4;2;2;2214; $15.00 ; $33,210.00 ; $332.10 ; $32,877.90 ; $22,140.00 ; $10,737.90 ;1/03/2014;3; March ;2014
5;5;2;2;2301; $300.00 ; $690,300.00 ; $6,903.00 ; $683,397.00 ; $575,250.00 ; $108,147.00 ;1/04/2014;4; April ;2014
1;3;2;2;1375.5; $20.00 ; $27,510.00 ; $275.10 ; $27,234.90 ; $13,755.00 ; $13,479.90 ;1/07/2014;7; July ;2014
1;1;2;2;1830; $7.00 ; $12,810.00 ; $128.10 ; $12,681.90 ; $9,150.00 ; $3,531.90 ;1/08/2014;8; August ;2014
5;5;2;2;2498; $300.00 ; $749,400.00 ; $7,494.00 ; $741,906.00 ; $624,500.00 ; $117,406.00 ;1/09/2013;9; September ;2013
4;5;2;2;663; $125.00 ; $82,875.00 ; $828.75 ; $82,046.25 ; $79,560.00 ; $2,486.25 ;1/10/2013;10; October ;2013
2;5;3;2;1514; $15.00 ; $22,710.00 ; $227.10 ; $22,482.90 ; $15,140.00 ; $7,342.90 ;1/02/2014;2; February ;2014
1;5;3;2;4492.5; $7.00 ; $31,447.50 ; $314.48 ; $31,133.03 ; $22,462.50 ; $8,670.53 ;1/04/2014;4; April ;2014
4;5;3;2;727; $125.00 ; $90,875.00 ; $908.75 ; $89,966.25 ; $87,240.00 ; $2,726.25 ;1/06/2014;6; June ;2014
4;3;3;2;787; $125.00 ; $98,375.00 ; $983.75 ; $97,391.25 ; $94,440.00 ; $2,951.25 ;1/06/2014;6; June ;2014
4;4;3;2;1823; $125.00 ; $227,875.00 ; $2,278.75 ; $225,596.25 ; $218,760.00 ; $6,836.25 ;1/07/2014;7; July ;2014
2;2;3;2;747; $15.00 ; $11,205.00 ; $112.05 ; $11,092.95 ; $7,470.00 ; $3,622.95 ;1/09/2014;9; September ;2014
3;2;3;2;766; $12.00 ; $9,192.00 ; $91.92 ; $9,100.08 ; $2,298.00 ; $6,802.08 ;1/10/2013;10; October ;2013
5;5;3;2;2905; $300.00 ; $871,500.00 ; $8,715.00 ; $862,785.00 ; $726,250.00 ; $136,535.00 ;1/11/2014;11; November ;2014
1;3;3;2;2155; $350.00 ; $754,250.00 ; $7,542.50 ; $746,707.50 ; $560,300.00 ; $186,407.50 ;1/12/2014;12; December ;2014
1;3;4;2;3864; $20.00 ; $77,280.00 ; $772.80 ; $76,507.20 ; $38,640.00 ; $37,867.20 ;1/04/2014;4; April ;2014
1;4;4;2;362; $7.00 ; $2,534.00 ; $25.34 ; $2,508.66 ; $1,810.00 ; $698.66 ;1/05/2014;5; May ;2014
4;1;4;2;923; $125.00 ; $115,375.00 ; $1,153.75 ; $114,221.25 ; $110,760.00 ; $3,461.25 ;1/08/2014;8; August ;2014
4;5;4;2;663; $125.00 ; $82,875.00 ; $828.75 ; $82,046.25 ; $79,560.00 ; $2,486.25 ;1/10/2013;10; October ;2013
1;1;4;2;2092; $7.00 ; $14,644.00 ; $146.44 ; $14,497.56 ; $10,460.00 ; $4,037.56 ;1/11/2013;11; November ;2013
1;2;5;2;263; $7.00 ; $1,841.00 ; $18.41 ; $1,822.59 ; $1,315.00 ; $507.59 ;1/03/2014;3; March ;2014
1;1;5;2;943.5; $350.00 ; $330,225.00 ; $3,302.25 ; $326,922.75 ; $245,310.00 ; $81,612.75 ;1/04/2014;4; April ;2014
4;5;5;2;727; $125.00 ; $90,875.00 ; $908.75 ; $89,966.25 ; $87,240.00 ; $2,726.25 ;1/06/2014;6; June ;2014
4;3;5;2;787; $125.00 ; $98,375.00 ; $983.75 ; $97,391.25 ; $94,440.00 ; $2,951.25 ;1/06/2014;6; June ;2014
5;2;5;2;986; $300.00 ; $295,800.00 ; $2,958.00 ; $292,842.00 ; $246,500.00 ; $46,342.00 ;1/09/2014;9; September ;2014
5;4;5;2;494; $300.00 ; $148,200.00 ; $1,482.00 ; $146,718.00 ; $123,500.00 ; $23,218.00 ;1/10/2013;10; October ;2013
1;4;5;2;1397; $350.00 ; $488,950.00 ; $4,889.50 ; $484,060.50 ; $363,220.00 ; $120,840.50 ;1/10/2014;10; October ;2014
4;3;5;2;1744; $125.00 ; $218,000.00 ; $2,180.00 ; $215,820.00 ; $209,280.00 ; $6,540.00 ;1/11/2014;11; November ;2014
3;5;6;2;1989; $12.00 ; $23,868.00 ; $238.68 ; $23,629.32 ; $5,967.00 ; $17,662.32 ;1/09/2013;9; September ;2013
2;3;6;2;321; $15.00 ; $4,815.00 ; $48.15 ; $4,766.85 ; $3,210.00 ; $1,556.85 ;1/11/2013;11; November ;2013
4;1;1;2;742.5; $125.00 ; $92,812.50 ; $1,856.25 ; $90,956.25 ; $89,100.00 ; $1,856.25 ;1/04/2014;4; April ;2014
3;1;1;2;1295; $12.00 ; $15,540.00 ; $310.80 ; $15,229.20 ; $3,885.00 ; $11,344.20 ;1/10/2014;10; October ;2014
5;2;1;2;214; $300.00 ; $64,200.00 ; $1,284.00 ; $62,916.00 ; $53,500.00 ; $9,416.00 ;1/10/2013;10; October ;2013
1;3;1;2;2145; $7.00 ; $15,015.00 ; $300.30 ; $14,714.70 ; $10,725.00 ; $3,989.70 ;1/11/2013;11; November ;2013
1;1;1;2;2852; $350.00 ; $998,200.00 ; $19,964.00 ; $978,236.00 ; $741,520.00 ; $236,716.00 ;1/12/2014;12; December ;2014
3;5;2;2;1142; $12.00 ; $13,704.00 ; $274.08 ; $13,429.92 ; $3,426.00 ; $10,003.92 ;1/06/2014;6; June ;2014
1;5;2;2;1566; $20.00 ; $31,320.00 ; $626.40 ; $30,693.60 ; $15,660.00 ; $15,033.60 ;1/10/2014;10; October ;2014
3;4;2;2;690; $12.00 ; $8,280.00 ; $165.60 ; $8,114.40 ; $2,070.00 ; $6,044.40 ;1/11/2014;11; November ;2014
4;4;2;2;1660; $125.00 ; $207,500.00 ; $4,150.00 ; $203,350.00 ; $199,200.00 ; $4,150.00 ;1/11/2013;11; November ;2013
2;1;3;2;2363; $15.00 ; $35,445.00 ; $708.90 ; $34,736.10 ; $23,630.00 ; $11,106.10 ;1/02/2014;2; February ;2014
5;3;3;2;918; $300.00 ; $275,400.00 ; $5,508.00 ; $269,892.00 ; $229,500.00 ; $40,392.00 ;1/05/2014;5; May ;2014
5;2;3;2;1728; $300.00 ; $518,400.00 ; $10,368.00 ; $508,032.00 ; $432,000.00 ; $76,032.00 ;1/05/2014;5; May ;2014
3;5;3;2;1142; $12.00 ; $13,704.00 ; $274.08 ; $13,429.92 ; $3,426.00 ; $10,003.92 ;1/06/2014;6; June ;2014
4;4;3;2;662; $125.00 ; $82,750.00 ; $1,655.00 ; $81,095.00 ; $79,440.00 ; $1,655.00 ;1/06/2014;6; June ;2014
3;1;3;2;1295; $12.00 ; $15,540.00 ; $310.80 ; $15,229.20 ; $3,885.00 ; $11,344.20 ;1/10/2014;10; October ;2014
4;2;3;2;809; $125.00 ; $101,125.00 ; $2,022.50 ; $99,102.50 ; $97,080.00 ; $2,022.50 ;1/10/2013;10; October ;2013
4;4;3;2;2145; $125.00 ; $268,125.00 ; $5,362.50 ; $262,762.50 ; $257,400.00 ; $5,362.50 ;1/10/2013;10; October ;2013
3;3;3;2;1785; $12.00 ; $21,420.00 ; $428.40 ; $20,991.60 ; $5,355.00 ; $15,636.60 ;1/11/2013;11; November ;2013
5;1;3;2;1916; $300.00 ; $574,800.00 ; $11,496.00 ; $563,304.00 ; $479,000.00 ; $84,304.00 ;1/12/2014;12; December ;2014
1;1;3;2;2852; $350.00 ; $998,200.00 ; $19,964.00 ; $978,236.00 ; $741,520.00 ; $236,716.00 ;1/12/2014;12; December ;2014
4;1;3;2;2729; $125.00 ; $341,125.00 ; $6,822.50 ; $334,302.50 ; $327,480.00 ; $6,822.50 ;1/12/2014;12; December ;2014
2;5;3;2;1925; $15.00 ; $28,875.00 ; $577.50 ; $28,297.50 ; $19,250.00 ; $9,047.50 ;1/12/2013;12; December ;2013
1;5;3;2;2013; $7.00 ; $14,091.00 ; $281.82 ; $13,809.18 ; $10,065.00 ; $3,744.18 ;1/12/2013;12; December ;2013
3;3;3;2;1055; $12.00 ; $12,660.00 ; $253.20 ; $12,406.80 ; $3,165.00 ; $9,241.80 ;1/12/2014;12; December ;2014
3;4;3;2;1084; $12.00 ; $13,008.00 ; $260.16 ; $12,747.84 ; $3,252.00 ; $9,495.84 ;1/12/2014;12; December ;2014
1;5;4;2;1566; $20.00 ; $31,320.00 ; $626.40 ; $30,693.60 ; $15,660.00 ; $15,033.60 ;1/10/2014;10; October ;2014
1;2;4;2;2966; $350.00 ; $1,038,100.00 ; $20,762.00 ; $1,017,338.00 ; $771,160.00 ; $246,178.00 ;1/10/2013;10; October ;2013
1;2;4;2;2877; $350.00 ; $1,006,950.00 ; $20,139.00 ; $986,811.00 ; $748,020.00 ; $238,791.00 ;1/10/2014;10; October ;2014
4;2;4;2;809; $125.00 ; $101,125.00 ; $2,022.50 ; $99,102.50 ; $97,080.00 ; $2,022.50 ;1/10/2013;10; October ;2013
4;4;4;2;2145; $125.00 ; $268,125.00 ; $5,362.50 ; $262,762.50 ; $257,400.00 ; $5,362.50 ;1/10/2013;10; October ;2013
3;3;4;2;1055; $12.00 ; $12,660.00 ; $253.20 ; $12,406.80 ; $3,165.00 ; $9,241.80 ;1/12/2014;12; December ;2014
1;4;4;2;544; $20.00 ; $10,880.00 ; $217.60 ; $10,662.40 ; $5,440.00 ; $5,222.40 ;1/12/2013;12; December ;2013
3;4;4;2;1084; $12.00 ; $13,008.00 ; $260.16 ; $12,747.84 ; $3,252.00 ; $9,495.84 ;1/12/2014;12; December ;2014
4;4;5;2;662; $125.00 ; $82,750.00 ; $1,655.00 ; $81,095.00 ; $79,440.00 ; $1,655.00 ;1/06/2014;6; June ;2014
5;2;5;2;214; $300.00 ; $64,200.00 ; $1,284.00 ; $62,916.00 ; $53,500.00 ; $9,416.00 ;1/10/2013;10; October ;2013
1;2;5;2;2877; $350.00 ; $1,006,950.00 ; $20,139.00 ; $986,811.00 ; $748,020.00 ; $238,791.00 ;1/10/2014;10; October ;2014
4;1;5;2;2729; $125.00 ; $341,125.00 ; $6,822.50 ; $334,302.50 ; $327,480.00 ; $6,822.50 ;1/12/2014;12; December ;2014
1;5;5;2;266; $350.00 ; $93,100.00 ; $1,862.00 ; $91,238.00 ; $69,160.00 ; $22,078.00 ;1/12/2013;12; December ;2013
1;4;5;2;1940; $350.00 ; $679,000.00 ; $13,580.00 ; $665,420.00 ; $504,400.00 ; $161,020.00 ;1/12/2013;12; December ;2013
5;2;6;2;259; $300.00 ; $77,700.00 ; $1,554.00 ; $76,146.00 ; $64,750.00 ; $11,396.00 ;1/03/2014;3; March ;2014
5;4;6;2;1101; $300.00 ; $330,300.00 ; $6,606.00 ; $323,694.00 ; $275,250.00 ; $48,444.00 ;1/03/2014;3; March ;2014
4;2;6;2;2276; $125.00 ; $284,500.00 ; $5,690.00 ; $278,810.00 ; $273,120.00 ; $5,690.00 ;1/05/2014;5; May ;2014
1;2;6;2;2966; $350.00 ; $1,038,100.00 ; $20,762.00 ; $1,017,338.00 ; $771,160.00 ; $246,178.00 ;1/10/2013;10; October ;2013
1;5;6;2;1236; $20.00 ; $24,720.00 ; $494.40 ; $24,225.60 ; $12,360.00 ; $11,865.60 ;1/11/2014;11; November ;2014
1;3;6;2;941; $20.00 ; $18,820.00 ; $376.40 ; $18,443.60 ; $9,410.00 ; $9,033.60 ;1/11/2014;11; November ;2014
5;1;6;2;1916; $300.00 ; $574,800.00 ; $11,496.00 ; $563,304.00 ; $479,000.00 ; $84,304.00 ;1/12/2014;12; December ;2014
4;3;1;2;4243.5; $125.00 ; $530,437.50 ; $15,913.13 ; $514,524.38 ; $509,220.00 ; $5,304.38 ;1/04/2014;4; April ;2014
1;2;1;2;2580; $20.00 ; $51,600.00 ; $1,548.00 ; $50,052.00 ; $25,800.00 ; $24,252.00 ;1/04/2014;4; April ;2014
5;2;1;2;689; $300.00 ; $206,700.00 ; $6,201.00 ; $200,499.00 ; $172,250.00 ; $28,249.00 ;1/06/2014;6; June ;2014
3;5;1;2;1947; $12.00 ; $23,364.00 ; $700.92 ; $22,663.08 ; $5,841.00 ; $16,822.08 ;1/09/2014;9; September ;2014
3;1;1;2;908; $12.00 ; $10,896.00 ; $326.88 ; $10,569.12 ; $2,724.00 ; $7,845.12 ;1/12/2013;12; December ;2013
1;2;2;2;1958; $7.00 ; $13,706.00 ; $411.18 ; $13,294.82 ; $9,790.00 ; $3,504.82 ;1/02/2014;2; February ;2014
3;3;2;2;1901; $12.00 ; $22,812.00 ; $684.36 ; $22,127.64 ; $5,703.00 ; $16,424.64 ;1/06/2014;6; June ;2014
1;3;2;2;544; $7.00 ; $3,808.00 ; $114.24 ; $3,693.76 ; $2,720.00 ; $973.76 ;1/09/2014;9; September ;2014
1;2;2;2;1797; $350.00 ; $628,950.00 ; $18,868.50 ; $610,081.50 ; $467,220.00 ; $142,861.50 ;1/09/2013;9; September ;2013
4;3;2;2;1287; $125.00 ; $160,875.00 ; $4,826.25 ; $156,048.75 ; $154,440.00 ; $1,608.75 ;1/12/2014;12; December ;2014
4;2;2;2;1706; $125.00 ; $213,250.00 ; $6,397.50 ; $206,852.50 ; $204,720.00 ; $2,132.50 ;1/12/2014;12; December ;2014
5;3;3;2;2434.5; $300.00 ; $730,350.00 ; $21,910.50 ; $708,439.50 ; $608,625.00 ; $99,814.50 ;1/01/2014;1; January ;2014
4;1;3;2;1774; $125.00 ; $221,750.00 ; $6,652.50 ; $215,097.50 ; $212,880.00 ; $2,217.50 ;1/03/2014;3; March ;2014
3;3;3;2;1901; $12.00 ; $22,812.00 ; $684.36 ; $22,127.64 ; $5,703.00 ; $16,424.64 ;1/06/2014;6; June ;2014
5;2;3;2;689; $300.00 ; $206,700.00 ; $6,201.00 ; $200,499.00 ; $172,250.00 ; $28,249.00 ;1/06/2014;6; June ;2014
4;2;3;2;1570; $125.00 ; $196,250.00 ; $5,887.50 ; $190,362.50 ; $188,400.00 ; $1,962.50 ;1/06/2014;6; June ;2014
3;5;3;2;1369.5; $12.00 ; $16,434.00 ; $493.02 ; $15,940.98 ; $4,108.50 ; $11,832.48 ;1/07/2014;7; July ;2014
4;1;3;2;2009; $125.00 ; $251,125.00 ; $7,533.75 ; $243,591.25 ; $241,080.00 ; $2,511.25 ;1/10/2014;10; October ;2014
2;2;3;2;1945; $15.00 ; $29,175.00 ; $875.25 ; $28,299.75 ; $19,450.00 ; $8,849.75 ;1/10/2013;10; October ;2013
4;3;3;2;1287; $125.00 ; $160,875.00 ; $4,826.25 ; $156,048.75 ; $154,440.00 ; $1,608.75 ;1/12/2014;12; December ;2014
4;2;3;2;1706; $125.00 ; $213,250.00 ; $6,397.50 ; $206,852.50 ; $204,720.00 ; $2,132.50 ;1/12/2014;12; December ;2014
4;1;4;2;2009; $125.00 ; $251,125.00 ; $7,533.75 ; $243,591.25 ; $241,080.00 ; $2,511.25 ;1/10/2014;10; October ;2014
5;5;5;2;2844; $300.00 ; $853,200.00 ; $25,596.00 ; $827,604.00 ; $711,000.00 ; $116,604.00 ;1/02/2014;2; February ;2014
3;4;5;2;1916; $12.00 ; $22,992.00 ; $689.76 ; $22,302.24 ; $5,748.00 ; $16,554.24 ;1/04/2014;4; April ;2014
4;2;5;2;1570; $125.00 ; $196,250.00 ; $5,887.50 ; $190,362.50 ; $188,400.00 ; $1,962.50 ;1/06/2014;6; June ;2014
5;1;5;2;1874; $300.00 ; $562,200.00 ; $16,866.00 ; $545,334.00 ; $468,500.00 ; $76,834.00 ;1/08/2014;8; August ;2014
1;4;5;2;1642; $350.00 ; $574,700.00 ; $17,241.00 ; $557,459.00 ; $426,920.00 ; $130,539.00 ;1/08/2014;8; August ;2014
2;2;5;2;1945; $15.00 ; $29,175.00 ; $875.25 ; $28,299.75 ; $19,450.00 ; $8,849.75 ;1/10/2013;10; October ;2013
1;1;1;2;831; $20.00 ; $16,620.00 ; $498.60 ; $16,121.40 ; $8,310.00 ; $7,811.40 ;1/05/2014;5; May ;2014
1;4;3;2;1760; $7.00 ; $12,320.00 ; $369.60 ; $11,950.40 ; $8,800.00 ; $3,150.40 ;1/09/2013;9; September ;2013
1;1;4;2;3850.5; $20.00 ; $77,010.00 ; $2,310.30 ; $74,699.70 ; $38,505.00 ; $36,194.70 ;1/04/2014;4; April ;2014
3;2;5;2;2479; $12.00 ; $29,748.00 ; $892.44 ; $28,855.56 ; $7,437.00 ; $21,418.56 ;1/01/2014;1; January ;2014
2;4;2;2;2031; $15.00 ; $30,465.00 ; $1,218.60 ; $29,246.40 ; $20,310.00 ; $8,936.40 ;1/10/2014;10; October ;2014
2;4;3;2;2031; $15.00 ; $30,465.00 ; $1,218.60 ; $29,246.40 ; $20,310.00 ; $8,936.40 ;1/10/2014;10; October ;2014
2;3;3;2;2261; $15.00 ; $33,915.00 ; $1,356.60 ; $32,558.40 ; $22,610.00 ; $9,948.40 ;1/12/2013;12; December ;2013
1;5;4;2;736; $20.00 ; $14,720.00 ; $588.80 ; $14,131.20 ; $7,360.00 ; $6,771.20 ;1/09/2013;9; September ;2013
1;1;1;2;2851; $7.00 ; $19,957.00 ; $798.28 ; $19,158.72 ; $14,255.00 ; $4,903.72 ;1/10/2013;10; October ;2013
5;2;1;2;2021; $300.00 ; $606,300.00 ; $24,252.00 ; $582,048.00 ; $505,250.00 ; $76,798.00 ;1/10/2014;10; October ;2014
1;5;1;2;274; $350.00 ; $95,900.00 ; $3,836.00 ; $92,064.00 ; $71,240.00 ; $20,824.00 ;1/12/2014;12; December ;2014
2;1;2;2;1967; $15.00 ; $29,505.00 ; $1,180.20 ; $28,324.80 ; $19,670.00 ; $8,654.80 ;1/03/2014;3; March ;2014
5;2;2;2;1859; $300.00 ; $557,700.00 ; $22,308.00 ; $535,392.00 ; $464,750.00 ; $70,642.00 ;1/08/2014;8; August ;2014
1;1;2;2;2851; $7.00 ; $19,957.00 ; $798.28 ; $19,158.72 ; $14,255.00 ; $4,903.72 ;1/10/2013;10; October ;2013
5;2;2;2;2021; $300.00 ; $606,300.00 ; $24,252.00 ; $582,048.00 ; $505,250.00 ; $76,798.00 ;1/10/2014;10; October ;2014
4;4;2;2;1138; $125.00 ; $142,250.00 ; $5,690.00 ; $136,560.00 ; $136,560.00 ; $-   ;1/12/2014;12; December ;2014
1;1;3;2;4251; $7.00 ; $29,757.00 ; $1,190.28 ; $28,566.72 ; $21,255.00 ; $7,311.72 ;1/01/2014;1; January ;2014
4;2;3;2;795; $125.00 ; $99,375.00 ; $3,975.00 ; $95,400.00 ; $95,400.00 ; $-   ;1/03/2014;3; March ;2014
5;2;3;2;1414.5; $300.00 ; $424,350.00 ; $16,974.00 ; $407,376.00 ; $353,625.00 ; $53,751.00 ;1/04/2014;4; April ;2014
5;5;3;2;2918; $300.00 ; $875,400.00 ; $35,016.00 ; $840,384.00 ; $729,500.00 ; $110,884.00 ;1/05/2014;5; May ;2014
1;5;3;2;3450; $350.00 ; $1,207,500.00 ; $48,300.00 ; $1,159,200.00 ; $897,000.00 ; $262,200.00 ;1/07/2014;7; July ;2014
4;3;3;2;2988; $125.00 ; $373,500.00 ; $14,940.00 ; $358,560.00 ; $358,560.00 ; $-   ;1/07/2014;7; July ;2014
2;1;3;2;218; $15.00 ; $3,270.00 ; $130.80 ; $3,139.20 ; $2,180.00 ; $959.20 ;1/09/2014;9; September ;2014
1;1;3;2;2074; $20.00 ; $41,480.00 ; $1,659.20 ; $39,820.80 ; $20,740.00 ; $19,080.80 ;1/09/2014;9; September ;2014
1;5;3;2;1056; $20.00 ; $21,120.00 ; $844.80 ; $20,275.20 ; $10,560.00 ; $9,715.20 ;1/09/2014;9; September ;2014
2;5;3;2;671; $15.00 ; $10,065.00 ; $402.60 ; $9,662.40 ; $6,710.00 ; $2,952.40 ;1/10/2013;10; October ;2013
2;4;3;2;1514; $15.00 ; $22,710.00 ; $908.40 ; $21,801.60 ; $15,140.00 ; $6,661.60 ;1/10/2013;10; October ;2013
1;5;3;2;274; $350.00 ; $95,900.00 ; $3,836.00 ; $92,064.00 ; $71,240.00 ; $20,824.00 ;1/12/2014;12; December ;2014
4;4;3;2;1138; $125.00 ; $142,250.00 ; $5,690.00 ; $136,560.00 ; $136,560.00 ; $-   ;1/12/2014;12; December ;2014
3;5;4;2;1465; $12.00 ; $17,580.00 ; $703.20 ; $16,876.80 ; $4,395.00 ; $12,481.80 ;1/03/2014;3; March ;2014
1;1;4;2;2646; $20.00 ; $52,920.00 ; $2,116.80 ; $50,803.20 ; $26,460.00 ; $24,343.20 ;1/09/2013;9; September ;2013
1;3;4;2;2177; $350.00 ; $761,950.00 ; $30,478.00 ; $731,472.00 ; $566,020.00 ; $165,452.00 ;1/10/2014;10; October ;2014
3;3;5;2;866; $12.00 ; $10,392.00 ; $415.68 ; $9,976.32 ; $2,598.00 ; $7,378.32 ;1/05/2014;5; May ;2014
1;5;5;2;349; $350.00 ; $122,150.00 ; $4,886.00 ; $117,264.00 ; $90,740.00 ; $26,524.00 ;1/09/2013;9; September ;2013
1;3;5;2;2177; $350.00 ; $761,950.00 ; $30,478.00 ; $731,472.00 ; $566,020.00 ; $165,452.00 ;1/10/2014;10; October ;2014
2;4;5;2;1514; $15.00 ; $22,710.00 ; $908.40 ; $21,801.60 ; $15,140.00 ; $6,661.60 ;1/10/2013;10; October ;2013
1;4;6;2;1865; $350.00 ; $652,750.00 ; $26,110.00 ; $626,640.00 ; $484,900.00 ; $141,740.00 ;1/02/2014;2; February ;2014
4;4;6;2;1074; $125.00 ; $134,250.00 ; $5,370.00 ; $128,880.00 ; $128,880.00 ; $-   ;1/04/2014;4; April ;2014
1;2;6;2;1907; $350.00 ; $667,450.00 ; $26,698.00 ; $640,752.00 ; $495,820.00 ; $144,932.00 ;1/09/2014;9; September ;2014
2;5;6;2;671; $15.00 ; $10,065.00 ; $402.60 ; $9,662.40 ; $6,710.00 ; $2,952.40 ;1/10/2013;10; October ;2013
1;1;6;2;1778; $350.00 ; $622,300.00 ; $24,892.00 ; $597,408.00 ; $462,280.00 ; $135,128.00 ;1/12/2013;12; December ;2013
1;2;2;3;1159; $7.00 ; $8,113.00 ; $405.65 ; $7,707.35 ; $5,795.00 ; $1,912.35 ;1/10/2013;10; October ;2013
1;2;3;3;1372; $7.00 ; $9,604.00 ; $480.20 ; $9,123.80 ; $6,860.00 ; $2,263.80 ;1/01/2014;1; January ;2014
1;1;3;3;2349; $7.00 ; $16,443.00 ; $822.15 ; $15,620.85 ; $11,745.00 ; $3,875.85 ;1/09/2013;9; September ;2013
1;4;3;3;2689; $7.00 ; $18,823.00 ; $941.15 ; $17,881.85 ; $13,445.00 ; $4,436.85 ;1/10/2014;10; October ;2014
3;1;3;3;2431; $12.00 ; $29,172.00 ; $1,458.60 ; $27,713.40 ; $7,293.00 ; $20,420.40 ;1/12/2014;12; December ;2014
3;1;4;3;2431; $12.00 ; $29,172.00 ; $1,458.60 ; $27,713.40 ; $7,293.00 ; $20,420.40 ;1/12/2014;12; December ;2014
1;4;5;3;2689; $7.00 ; $18,823.00 ; $941.15 ; $17,881.85 ; $13,445.00 ; $4,436.85 ;1/10/2014;10; October ;2014
1;4;6;3;1683; $7.00 ; $11,781.00 ; $589.05 ; $11,191.95 ; $8,415.00 ; $2,776.95 ;1/07/2014;7; July ;2014
3;4;6;3;1123; $12.00 ; $13,476.00 ; $673.80 ; $12,802.20 ; $3,369.00 ; $9,433.20 ;1/08/2014;8; August ;2014
1;2;6;3;1159; $7.00 ; $8,113.00 ; $405.65 ; $7,707.35 ; $5,795.00 ; $1,912.35 ;1/10/2013;10; October ;2013
3;3;1;3;1865; $12.00 ; $22,380.00 ; $1,119.00 ; $21,261.00 ; $5,595.00 ; $15,666.00 ;1/02/2014;2; February ;2014
3;2;1;3;1116; $12.00 ; $13,392.00 ; $669.60 ; $12,722.40 ; $3,348.00 ; $9,374.40 ;1/02/2014;2; February ;2014
1;3;1;3;1563; $20.00 ; $31,260.00 ; $1,563.00 ; $29,697.00 ; $15,630.00 ; $14,067.00 ;1/05/2014;5; May ;2014
5;5;1;3;991; $300.00 ; $297,300.00 ; $14,865.00 ; $282,435.00 ; $247,750.00 ; $34,685.00 ;1/06/2014;6; June ;2014
1;2;1;3;1016; $7.00 ; $7,112.00 ; $355.60 ; $6,756.40 ; $5,080.00 ; $1,676.40 ;1/11/2013;11; November ;2013
2;4;1;3;2791; $15.00 ; $41,865.00 ; $2,093.25 ; $39,771.75 ; $27,910.00 ; $11,861.75 ;1/11/2014;11; November ;2014
1;5;1;3;570; $7.00 ; $3,990.00 ; $199.50 ; $3,790.50 ; $2,850.00 ; $940.50 ;1/12/2014;12; December ;2014
1;3;1;3;2487; $7.00 ; $17,409.00 ; $870.45 ; $16,538.55 ; $12,435.00 ; $4,103.55 ;1/12/2014;12; December ;2014
1;3;2;3;1384.5; $350.00 ; $484,575.00 ; $24,228.75 ; $460,346.25 ; $359,970.00 ; $100,376.25 ;1/01/2014;1; January ;2014
4;5;2;3;3627; $125.00 ; $453,375.00 ; $22,668.75 ; $430,706.25 ; $435,240.00 ; $(4,533.75);1/07/2014;7; July ;2014
1;4;2;3;720; $350.00 ; $252,000.00 ; $12,600.00 ; $239,400.00 ; $187,200.00 ; $52,200.00 ;1/09/2013;9; September ;2013
3;2;2;3;2342; $12.00 ; $28,104.00 ; $1,405.20 ; $26,698.80 ; $7,026.00 ; $19,672.80 ;1/11/2014;11; November ;2014
5;4;2;3;1100; $300.00 ; $330,000.00 ; $16,500.00 ; $313,500.00 ; $275,000.00 ; $38,500.00 ;1/12/2013;12; December ;2013
1;3;3;3;1303; $20.00 ; $26,060.00 ; $1,303.00 ; $24,757.00 ; $13,030.00 ; $11,727.00 ;1/02/2014;2; February ;2014
4;5;3;3;2992; $125.00 ; $374,000.00 ; $18,700.00 ; $355,300.00 ; $359,040.00 ; $(3,740.00);1/03/2014;3; March ;2014
4;3;3;3;2385; $125.00 ; $298,125.00 ; $14,906.25 ; $283,218.75 ; $286,200.00 ; $(2,981.25);1/03/2014;3; March ;2014
5;4;3;3;1607; $300.00 ; $482,100.00 ; $24,105.00 ; $457,995.00 ; $401,750.00 ; $56,245.00 ;1/04/2014;4; April ;2014
1;5;3;3;2327; $7.00 ; $16,289.00 ; $814.45 ; $15,474.55 ; $11,635.00 ; $3,839.55 ;1/05/2014;5; May ;2014
5;5;3;3;991; $300.00 ; $297,300.00 ; $14,865.00 ; $282,435.00 ; $247,750.00 ; $34,685.00 ;1/06/2014;6; June ;2014
1;5;3;3;602; $350.00 ; $210,700.00 ; $10,535.00 ; $200,165.00 ; $156,520.00 ; $43,645.00 ;1/06/2014;6; June ;2014
2;3;3;3;2620; $15.00 ; $39,300.00 ; $1,965.00 ; $37,335.00 ; $26,200.00 ; $11,135.00 ;1/09/2014;9; September ;2014
1;1;3;3;1228; $350.00 ; $429,800.00 ; $21,490.00 ; $408,310.00 ; $319,280.00 ; $89,030.00 ;1/10/2013;10; October ;2013
1;1;3;3;1389; $20.00 ; $27,780.00 ; $1,389.00 ; $26,391.00 ; $13,890.00 ; $12,501.00 ;1/10/2013;10; October ;2013
4;5;3;3;861; $125.00 ; $107,625.00 ; $5,381.25 ; $102,243.75 ; $103,320.00 ; $(1,076.25);1/10/2014;10; October ;2014
4;3;3;3;704; $125.00 ; $88,000.00 ; $4,400.00 ; $83,600.00 ; $84,480.00 ; $(880.00);1/10/2013;10; October ;2013
1;1;3;3;1802; $20.00 ; $36,040.00 ; $1,802.00 ; $34,238.00 ; $18,020.00 ; $16,218.00 ;1/12/2013;12; December ;2013
1;5;3;3;2663; $20.00 ; $53,260.00 ; $2,663.00 ; $50,597.00 ; $26,630.00 ; $23,967.00 ;1/12/2014;12; December ;2014
1;3;3;3;2136; $7.00 ; $14,952.00 ; $747.60 ; $14,204.40 ; $10,680.00 ; $3,524.40 ;1/12/2013;12; December ;2013
2;2;3;3;2116; $15.00 ; $31,740.00 ; $1,587.00 ; $30,153.00 ; $21,160.00 ; $8,993.00 ;1/12/2013;12; December ;2013
2;5;4;3;555; $15.00 ; $8,325.00 ; $416.25 ; $7,908.75 ; $5,550.00 ; $2,358.75 ;1/01/2014;1; January ;2014
2;4;4;3;2861; $15.00 ; $42,915.00 ; $2,145.75 ; $40,769.25 ; $28,610.00 ; $12,159.25 ;1/01/2014;1; January ;2014
4;2;4;3;807; $125.00 ; $100,875.00 ; $5,043.75 ; $95,831.25 ; $96,840.00 ; $(1,008.75);1/02/2014;2; February ;2014
1;5;4;3;602; $350.00 ; $210,700.00 ; $10,535.00 ; $200,165.00 ; $156,520.00 ; $43,645.00 ;1/06/2014;6; June ;2014
1;5;4;3;2832; $20.00 ; $56,640.00 ; $2,832.00 ; $53,808.00 ; $28,320.00 ; $25,488.00 ;1/08/2014;8; August ;2014
1;3;4;3;1579; $20.00 ; $31,580.00 ; $1,579.00 ; $30,001.00 ; $15,790.00 ; $14,211.00 ;1/08/2014;8; August ;2014
4;5;4;3;861; $125.00 ; $107,625.00 ; $5,381.25 ; $102,243.75 ; $103,320.00 ; $(1,076.25);1/10/2014;10; October ;2014
4;3;4;3;704; $125.00 ; $88,000.00 ; $4,400.00 ; $83,600.00 ; $84,480.00 ; $(880.00);1/10/2013;10; October ;2013
1;3;4;3;1033; $20.00 ; $20,660.00 ; $1,033.00 ; $19,627.00 ; $10,330.00 ; $9,297.00 ;1/12/2013;12; December ;2013
5;2;4;3;1250; $300.00 ; $375,000.00 ; $18,750.00 ; $356,250.00 ; $312,500.00 ; $43,750.00 ;1/12/2014;12; December ;2014
1;1;5;3;1389; $20.00 ; $27,780.00 ; $1,389.00 ; $26,391.00 ; $13,890.00 ; $12,501.00 ;1/10/2013;10; October ;2013
1;5;5;3;1265; $20.00 ; $25,300.00 ; $1,265.00 ; $24,035.00 ; $12,650.00 ; $11,385.00 ;1/11/2013;11; November ;2013
1;2;5;3;2297; $20.00 ; $45,940.00 ; $2,297.00 ; $43,643.00 ; $22,970.00 ; $20,673.00 ;1/11/2013;11; November ;2013
1;5;5;3;2663; $20.00 ; $53,260.00 ; $2,663.00 ; $50,597.00 ; $26,630.00 ; $23,967.00 ;1/12/2014;12; December ;2014
1;5;5;3;570; $7.00 ; $3,990.00 ; $199.50 ; $3,790.50 ; $2,850.00 ; $940.50 ;1/12/2014;12; December ;2014
1;3;5;3;2487; $7.00 ; $17,409.00 ; $870.45 ; $16,538.55 ; $12,435.00 ; $4,103.55 ;1/12/2014;12; December ;2014
1;2;6;3;1350; $350.00 ; $472,500.00 ; $23,625.00 ; $448,875.00 ; $351,000.00 ; $97,875.00 ;1/02/2014;2; February ;2014
1;1;6;3;552; $350.00 ; $193,200.00 ; $9,660.00 ; $183,540.00 ; $143,520.00 ; $40,020.00 ;1/08/2014;8; August ;2014
1;1;6;3;1228; $350.00 ; $429,800.00 ; $21,490.00 ; $408,310.00 ; $319,280.00 ; $89,030.00 ;1/10/2013;10; October ;2013
5;2;6;3;1250; $300.00 ; $375,000.00 ; $18,750.00 ; $356,250.00 ; $312,500.00 ; $43,750.00 ;1/12/2014;12; December ;2014
2;3;3;3;3801; $15.00 ; $57,015.00 ; $3,420.90 ; $53,594.10 ; $38,010.00 ; $15,584.10 ;1/04/2014;4; April ;2014
1;5;1;3;1117.5; $20.00 ; $22,350.00 ; $1,341.00 ; $21,009.00 ; $11,175.00 ; $9,834.00 ;1/01/2014;1; January ;2014
2;1;1;3;2844; $15.00 ; $42,660.00 ; $2,559.60 ; $40,100.40 ; $28,440.00 ; $11,660.40 ;1/06/2014;6; June ;2014
3;4;1;3;562; $12.00 ; $6,744.00 ; $404.64 ; $6,339.36 ; $1,686.00 ; $4,653.36 ;1/09/2014;9; September ;2014
3;1;1;3;2299; $12.00 ; $27,588.00 ; $1,655.28 ; $25,932.72 ; $6,897.00 ; $19,035.72 ;1/10/2013;10; October ;2013
2;5;1;3;2030; $15.00 ; $30,450.00 ; $1,827.00 ; $28,623.00 ; $20,300.00 ; $8,323.00 ;1/11/2014;11; November ;2014
1;5;1;3;263; $7.00 ; $1,841.00 ; $110.46 ; $1,730.54 ; $1,315.00 ; $415.54 ;1/11/2013;11; November ;2013
4;2;1;3;887; $125.00 ; $110,875.00 ; $6,652.50 ; $104,222.50 ; $106,440.00 ; $(2,217.50);1/12/2013;12; December ;2013
1;4;2;3;980; $350.00 ; $343,000.00 ; $20,580.00 ; $322,420.00 ; $254,800.00 ; $67,620.00 ;1/04/2014;4; April ;2014
1;2;2;3;1460; $350.00 ; $511,000.00 ; $30,660.00 ; $480,340.00 ; $379,600.00 ; $100,740.00 ;1/05/2014;5; May ;2014
1;3;2;3;1403; $7.00 ; $9,821.00 ; $589.26 ; $9,231.74 ; $7,015.00 ; $2,216.74 ;1/10/2013;10; October ;2013
3;5;2;3;2723; $12.00 ; $32,676.00 ; $1,960.56 ; $30,715.44 ; $8,169.00 ; $22,546.44 ;1/11/2014;11; November ;2014
1;3;3;3;1496; $350.00 ; $523,600.00 ; $31,416.00 ; $492,184.00 ; $388,960.00 ; $103,224.00 ;1/06/2014;6; June ;2014
3;1;3;3;2299; $12.00 ; $27,588.00 ; $1,655.28 ; $25,932.72 ; $6,897.00 ; $19,035.72 ;1/10/2013;10; October ;2013
1;5;3;3;727; $350.00 ; $254,450.00 ; $15,267.00 ; $239,183.00 ; $189,020.00 ; $50,163.00 ;1/10/2013;10; October ;2013
4;1;4;3;952; $125.00 ; $119,000.00 ; $7,140.00 ; $111,860.00 ; $114,240.00 ; $(2,380.00);1/02/2014;2; February ;2014
4;5;4;3;2755; $125.00 ; $344,375.00 ; $20,662.50 ; $323,712.50 ; $330,600.00 ; $(6,887.50);1/02/2014;2; February ;2014
2;2;4;3;1530; $15.00 ; $22,950.00 ; $1,377.00 ; $21,573.00 ; $15,300.00 ; $6,273.00 ;1/05/2014;5; May ;2014
1;3;4;3;1496; $350.00 ; $523,600.00 ; $31,416.00 ; $492,184.00 ; $388,960.00 ; $103,224.00 ;1/06/2014;6; June ;2014
1;4;4;3;1498; $7.00 ; $10,486.00 ; $629.16 ; $9,856.84 ; $7,490.00 ; $2,366.84 ;1/06/2014;6; June ;2014
5;3;4;3;1221; $300.00 ; $366,300.00 ; $21,978.00 ; $344,322.00 ; $305,250.00 ; $39,072.00 ;1/10/2013;10; October ;2013
1;3;4;3;2076; $350.00 ; $726,600.00 ; $43,596.00 ; $683,004.00 ; $539,760.00 ; $143,244.00 ;1/10/2013;10; October ;2013
2;1;5;3;2844; $15.00 ; $42,660.00 ; $2,559.60 ; $40,100.40 ; $28,440.00 ; $11,660.40 ;1/06/2014;6; June ;2014
1;4;5;3;1498; $7.00 ; $10,486.00 ; $629.16 ; $9,856.84 ; $7,490.00 ; $2,366.84 ;1/06/2014;6; June ;2014
5;3;5;3;1221; $300.00 ; $366,300.00 ; $21,978.00 ; $344,322.00 ; $305,250.00 ; $39,072.00 ;1/10/2013;10; October ;2013
1;4;5;3;1123; $20.00 ; $22,460.00 ; $1,347.60 ; $21,112.40 ; $11,230.00 ; $9,882.40 ;1/11/2013;11; November ;2013
5;1;5;3;2436; $300.00 ; $730,800.00 ; $43,848.00 ; $686,952.00 ; $609,000.00 ; $77,952.00 ;1/12/2013;12; December ;2013
4;3;6;3;1987.5; $125.00 ; $248,437.50 ; $14,906.25 ; $233,531.25 ; $238,500.00 ; $(4,968.75);1/01/2014;1; January ;2014
1;4;6;3;1679; $350.00 ; $587,650.00 ; $35,259.00 ; $552,391.00 ; $436,540.00 ; $115,851.00 ;1/09/2014;9; September ;2014
1;5;6;3;727; $350.00 ; $254,450.00 ; $15,267.00 ; $239,183.00 ; $189,020.00 ; $50,163.00 ;1/10/2013;10; October ;2013
1;3;6;3;1403; $7.00 ; $9,821.00 ; $589.26 ; $9,231.74 ; $7,015.00 ; $2,216.74 ;1/10/2013;10; October ;2013
1;3;6;3;2076; $350.00 ; $726,600.00 ; $43,596.00 ; $683,004.00 ; $539,760.00 ; $143,244.00 ;1/10/2013;10; October ;2013
1;3;2;3;1757; $20.00 ; $35,140.00 ; $2,108.40 ; $33,031.60 ; $17,570.00 ; $15,461.60 ;1/10/2013;10; October ;2013
2;5;3;3;2198; $15.00 ; $32,970.00 ; $1,978.20 ; $30,991.80 ; $21,980.00 ; $9,011.80 ;1/08/2014;8; August ;2014
2;2;3;3;1743; $15.00 ; $26,145.00 ; $1,568.70 ; $24,576.30 ; $17,430.00 ; $7,146.30 ;1/08/2014;8; August ;2014
2;5;3;3;1153; $15.00 ; $17,295.00 ; $1,037.70 ; $16,257.30 ; $11,530.00 ; $4,727.30 ;1/10/2014;10; October ;2014
1;3;3;3;1757; $20.00 ; $35,140.00 ; $2,108.40 ; $33,031.60 ; $17,570.00 ; $15,461.60 ;1/10/2013;10; October ;2013
1;2;4;3;1001; $20.00 ; $20,020.00 ; $1,201.20 ; $18,818.80 ; $10,010.00 ; $8,808.80 ;1/08/2014;8; August ;2014
1;4;4;3;1333; $7.00 ; $9,331.00 ; $559.86 ; $8,771.14 ; $6,665.00 ; $2,106.14 ;1/11/2014;11; November ;2014
2;5;5;3;1153; $15.00 ; $17,295.00 ; $1,037.70 ; $16,257.30 ; $11,530.00 ; $4,727.30 ;1/10/2014;10; October ;2014
3;4;1;3;727; $12.00 ; $8,724.00 ; $610.68 ; $8,113.32 ; $2,181.00 ; $5,932.32 ;1/02/2014;2; February ;2014
3;1;1;3;1884; $12.00 ; $22,608.00 ; $1,582.56 ; $21,025.44 ; $5,652.00 ; $15,373.44 ;1/08/2014;8; August ;2014
1;4;1;3;1834; $20.00 ; $36,680.00 ; $2,567.60 ; $34,112.40 ; $18,340.00 ; $15,772.40 ;1/09/2013;9; September ;2013
3;4;2;3;2340; $12.00 ; $28,080.00 ; $1,965.60 ; $26,114.40 ; $7,020.00 ; $19,094.40 ;1/01/2014;1; January ;2014
3;3;2;3;2342; $12.00 ; $28,104.00 ; $1,967.28 ; $26,136.72 ; $7,026.00 ; $19,110.72 ;1/11/2014;11; November ;2014
1;3;3;3;1031; $7.00 ; $7,217.00 ; $505.19 ; $6,711.81 ; $5,155.00 ; $1,556.81 ;1/09/2013;9; September ;2013
2;1;4;3;1262; $15.00 ; $18,930.00 ; $1,325.10 ; $17,604.90 ; $12,620.00 ; $4,984.90 ;1/05/2014;5; May ;2014
1;1;4;3;1135; $7.00 ; $7,945.00 ; $556.15 ; $7,388.85 ; $5,675.00 ; $1,713.85 ;1/06/2014;6; June ;2014
1;5;4;3;547; $7.00 ; $3,829.00 ; $268.03 ; $3,560.97 ; $2,735.00 ; $825.97 ;1/11/2014;11; November ;2014
1;1;4;3;1582; $7.00 ; $11,074.00 ; $775.18 ; $10,298.82 ; $7,910.00 ; $2,388.82 ;1/12/2014;12; December ;2014
3;3;5;3;1738.5; $12.00 ; $20,862.00 ; $1,460.34 ; $19,401.66 ; $5,215.50 ; $14,186.16 ;1/04/2014;4; April ;2014
3;2;5;3;2215; $12.00 ; $26,580.00 ; $1,860.60 ; $24,719.40 ; $6,645.00 ; $18,074.40 ;1/09/2013;9; September ;2013
1;1;5;3;1582; $7.00 ; $11,074.00 ; $775.18 ; $10,298.82 ; $7,910.00 ; $2,388.82 ;1/12/2014;12; December ;2014
1;1;6;3;1135; $7.00 ; $7,945.00 ; $556.15 ; $7,388.85 ; $5,675.00 ; $1,713.85 ;1/06/2014;6; June ;2014
1;5;1;3;1761; $350.00 ; $616,350.00 ; $43,144.50 ; $573,205.50 ; $457,860.00 ; $115,345.50 ;1/03/2014;3; March ;2014
5;3;1;3;448; $300.00 ; $134,400.00 ; $9,408.00 ; $124,992.00 ; $112,000.00 ; $12,992.00 ;1/06/2014;6; June ;2014
5;3;1;3;2181; $300.00 ; $654,300.00 ; $45,801.00 ; $608,499.00 ; $545,250.00 ; $63,249.00 ;1/10/2014;10; October ;2014
1;3;2;3;1976; $20.00 ; $39,520.00 ; $2,766.40 ; $36,753.60 ; $19,760.00 ; $16,993.60 ;1/10/2014;10; October ;2014
5;3;2;3;2181; $300.00 ; $654,300.00 ; $45,801.00 ; $608,499.00 ; $545,250.00 ; $63,249.00 ;1/10/2014;10; October ;2014
4;2;2;3;2500; $125.00 ; $312,500.00 ; $21,875.00 ; $290,625.00 ; $300,000.00 ; $(9,375.00);1/11/2013;11; November ;2013
5;1;3;3;1702; $300.00 ; $510,600.00 ; $35,742.00 ; $474,858.00 ; $425,500.00 ; $49,358.00 ;1/05/2014;5; May ;2014
5;3;3;3;448; $300.00 ; $134,400.00 ; $9,408.00 ; $124,992.00 ; $112,000.00 ; $12,992.00 ;1/06/2014;6; June ;2014
4;2;3;3;3513; $125.00 ; $439,125.00 ; $30,738.75 ; $408,386.25 ; $421,560.00 ; $(13,173.75);1/07/2014;7; July ;2014
2;3;3;3;2101; $15.00 ; $31,515.00 ; $2,206.05 ; $29,308.95 ; $21,010.00 ; $8,298.95 ;1/08/2014;8; August ;2014
2;5;3;3;2931; $15.00 ; $43,965.00 ; $3,077.55 ; $40,887.45 ; $29,310.00 ; $11,577.45 ;1/09/2013;9; September ;2013
1;3;3;3;1535; $20.00 ; $30,700.00 ; $2,149.00 ; $28,551.00 ; $15,350.00 ; $13,201.00 ;1/09/2014;9; September ;2014
5;2;3;3;1123; $300.00 ; $336,900.00 ; $23,583.00 ; $313,317.00 ; $280,750.00 ; $32,567.00 ;1/09/2013;9; September ;2013
5;1;3;3;1404; $300.00 ; $421,200.00 ; $29,484.00 ; $391,716.00 ; $351,000.00 ; $40,716.00 ;1/11/2013;11; November ;2013
3;4;3;3;2763; $12.00 ; $33,156.00 ; $2,320.92 ; $30,835.08 ; $8,289.00 ; $22,546.08 ;1/11/2013;11; November ;2013
1;2;3;3;2125; $7.00 ; $14,875.00 ; $1,041.25 ; $13,833.75 ; $10,625.00 ; $3,208.75 ;1/12/2013;12; December ;2013
5;3;4;3;1659; $300.00 ; $497,700.00 ; $34,839.00 ; $462,861.00 ; $414,750.00 ; $48,111.00 ;1/07/2014;7; July ;2014
1;4;4;3;609; $20.00 ; $12,180.00 ; $852.60 ; $11,327.40 ; $6,090.00 ; $5,237.40 ;1/08/2014;8; August ;2014
4;2;4;3;2087; $125.00 ; $260,875.00 ; $18,261.25 ; $242,613.75 ; $250,440.00 ; $(7,826.25);1/09/2014;9; September ;2014
1;3;4;3;1976; $20.00 ; $39,520.00 ; $2,766.40 ; $36,753.60 ; $19,760.00 ; $16,993.60 ;1/10/2014;10; October ;2014
1;5;4;3;1421; $20.00 ; $28,420.00 ; $1,989.40 ; $26,430.60 ; $14,210.00 ; $12,220.60 ;1/12/2013;12; December ;2013
5;5;4;3;1372; $300.00 ; $411,600.00 ; $28,812.00 ; $382,788.00 ; $343,000.00 ; $39,788.00 ;1/12/2014;12; December ;2014
1;2;4;3;588; $20.00 ; $11,760.00 ; $823.20 ; $10,936.80 ; $5,880.00 ; $5,056.80 ;1/12/2013;12; December ;2013
3;1;5;3;3244.5; $12.00 ; $38,934.00 ; $2,725.38 ; $36,208.62 ; $9,733.50 ; $26,475.12 ;1/01/2014;1; January ;2014
5;3;5;3;959; $300.00 ; $287,700.00 ; $20,139.00 ; $267,561.00 ; $239,750.00 ; $27,811.00 ;1/02/2014;2; February ;2014
5;4;5;3;2747; $300.00 ; $824,100.00 ; $57,687.00 ; $766,413.00 ; $686,750.00 ; $79,663.00 ;1/02/2014;2; February ;2014
4;1;6;3;1645; $125.00 ; $205,625.00 ; $14,393.75 ; $191,231.25 ; $197,400.00 ; $(6,168.75);1/05/2014;5; May ;2014
1;3;6;3;2876; $350.00 ; $1,006,600.00 ; $70,462.00 ; $936,138.00 ; $747,760.00 ; $188,378.00 ;1/09/2014;9; September ;2014
4;2;6;3;994; $125.00 ; $124,250.00 ; $8,697.50 ; $115,552.50 ; $119,280.00 ; $(3,727.50);1/09/2013;9; September ;2013
1;1;6;3;1118; $20.00 ; $22,360.00 ; $1,565.20 ; $20,794.80 ; $11,180.00 ; $9,614.80 ;1/11/2014;11; November ;2014
5;5;6;3;1372; $300.00 ; $411,600.00 ; $28,812.00 ; $382,788.00 ; $343,000.00 ; $39,788.00 ;1/12/2014;12; December ;2014
1;1;2;3;488; $7.00 ; $3,416.00 ; $273.28 ; $3,142.72 ; $2,440.00 ; $702.72 ;1/02/2014;2; February ;2014
1;5;2;3;1282; $20.00 ; $25,640.00 ; $2,051.20 ; $23,588.80 ; $12,820.00 ; $10,768.80 ;1/06/2014;6; June ;2014
1;1;3;3;257; $7.00 ; $1,799.00 ; $143.92 ; $1,655.08 ; $1,285.00 ; $370.08 ;1/05/2014;5; May ;2014
1;5;6;3;1282; $20.00 ; $25,640.00 ; $2,051.20 ; $23,588.80 ; $12,820.00 ; $10,768.80 ;1/06/2014;6; June ;2014
4;4;1;3;1540; $125.00 ; $192,500.00 ; $15,400.00 ; $177,100.00 ; $184,800.00 ; $(7,700.00);1/08/2014;8; August ;2014
2;3;1;3;490; $15.00 ; $7,350.00 ; $588.00 ; $6,762.00 ; $4,900.00 ; $1,862.00 ;1/11/2014;11; November ;2014
1;4;1;3;1362; $350.00 ; $476,700.00 ; $38,136.00 ; $438,564.00 ; $354,120.00 ; $84,444.00 ;1/12/2014;12; December ;2014
2;3;2;3;2501; $15.00 ; $37,515.00 ; $3,001.20 ; $34,513.80 ; $25,010.00 ; $9,503.80 ;1/03/2014;3; March ;2014
1;1;2;3;708; $20.00 ; $14,160.00 ; $1,132.80 ; $13,027.20 ; $7,080.00 ; $5,947.20 ;1/06/2014;6; June ;2014
1;2;2;3;645; $20.00 ; $12,900.00 ; $1,032.00 ; $11,868.00 ; $6,450.00 ; $5,418.00 ;1/07/2014;7; July ;2014
5;3;2;3;1562; $300.00 ; $468,600.00 ; $37,488.00 ; $431,112.00 ; $390,500.00 ; $40,612.00 ;1/08/2014;8; August ;2014
5;1;2;3;1283; $300.00 ; $384,900.00 ; $30,792.00 ; $354,108.00 ; $320,750.00 ; $33,358.00 ;1/09/2013;9; September ;2013
2;2;2;3;711; $15.00 ; $10,665.00 ; $853.20 ; $9,811.80 ; $7,110.00 ; $2,701.80 ;1/12/2014;12; December ;2014
4;4;3;3;1114; $125.00 ; $139,250.00 ; $11,140.00 ; $128,110.00 ; $133,680.00 ; $(5,570.00);1/03/2014;3; March ;2014
1;2;3;3;1259; $7.00 ; $8,813.00 ; $705.04 ; $8,107.96 ; $6,295.00 ; $1,812.96 ;1/04/2014;4; April ;2014
1;2;3;3;1095; $7.00 ; $7,665.00 ; $613.20 ; $7,051.80 ; $5,475.00 ; $1,576.80 ;1/05/2014;5; May ;2014
1;2;3;3;1366; $20.00 ; $27,320.00 ; $2,185.60 ; $25,134.40 ; $13,660.00 ; $11,474.40 ;1/06/2014;6; June ;2014
5;4;3;3;2460; $300.00 ; $738,000.00 ; $59,040.00 ; $678,960.00 ; $615,000.00 ; $63,960.00 ;1/06/2014;6; June ;2014
1;5;3;3;678; $7.00 ; $4,746.00 ; $379.68 ; $4,366.32 ; $3,390.00 ; $976.32 ;1/08/2014;8; August ;2014
1;2;3;3;1598; $7.00 ; $11,186.00 ; $894.88 ; $10,291.12 ; $7,990.00 ; $2,301.12 ;1/08/2014;8; August ;2014
1;2;3;3;2409; $7.00 ; $16,863.00 ; $1,349.04 ; $15,513.96 ; $12,045.00 ; $3,468.96 ;1/09/2013;9; September ;2013
1;2;3;3;1934; $20.00 ; $38,680.00 ; $3,094.40 ; $35,585.60 ; $19,340.00 ; $16,245.60 ;1/09/2014;9; September ;2014
1;4;3;3;2993; $20.00 ; $59,860.00 ; $4,788.80 ; $55,071.20 ; $29,930.00 ; $25,141.20 ;1/09/2014;9; September ;2014
1;2;3;3;2146; $350.00 ; $751,100.00 ; $60,088.00 ; $691,012.00 ; $557,960.00 ; $133,052.00 ;1/11/2013;11; November ;2013
1;4;3;3;1946; $7.00 ; $13,622.00 ; $1,089.76 ; $12,532.24 ; $9,730.00 ; $2,802.24 ;1/12/2013;12; December ;2013
1;4;3;3;1362; $350.00 ; $476,700.00 ; $38,136.00 ; $438,564.00 ; $354,120.00 ; $84,444.00 ;1/12/2014;12; December ;2014
3;1;4;3;598; $12.00 ; $7,176.00 ; $574.08 ; $6,601.92 ; $1,794.00 ; $4,807.92 ;1/03/2014;3; March ;2014
1;5;4;3;2907; $7.00 ; $20,349.00 ; $1,627.92 ; $18,721.08 ; $14,535.00 ; $4,186.08 ;1/06/2014;6; June ;2014
1;2;4;3;2338; $7.00 ; $16,366.00 ; $1,309.28 ; $15,056.72 ; $11,690.00 ; $3,366.72 ;1/06/2014;6; June ;2014
5;3;4;3;386; $300.00 ; $115,800.00 ; $9,264.00 ; $106,536.00 ; $96,500.00 ; $10,036.00 ;1/11/2013;11; November ;2013
5;4;4;3;635; $300.00 ; $190,500.00 ; $15,240.00 ; $175,260.00 ; $158,750.00 ; $16,510.00 ;1/12/2014;12; December ;2014
1;3;5;3;574.5; $350.00 ; $201,075.00 ; $16,086.00 ; $184,989.00 ; $149,370.00 ; $35,619.00 ;1/04/2014;4; April ;2014
1;2;5;3;2338; $7.00 ; $16,366.00 ; $1,309.28 ; $15,056.72 ; $11,690.00 ; $3,366.72 ;1/06/2014;6; June ;2014
1;3;5;3;381; $350.00 ; $133,350.00 ; $10,668.00 ; $122,682.00 ; $99,060.00 ; $23,622.00 ;1/08/2014;8; August ;2014
1;2;5;3;422; $350.00 ; $147,700.00 ; $11,816.00 ; $135,884.00 ; $109,720.00 ; $26,164.00 ;1/08/2014;8; August ;2014
5;1;5;3;2134; $300.00 ; $640,200.00 ; $51,216.00 ; $588,984.00 ; $533,500.00 ; $55,484.00 ;1/09/2014;9; September ;2014
5;5;5;3;808; $300.00 ; $242,400.00 ; $19,392.00 ; $223,008.00 ; $202,000.00 ; $21,008.00 ;1/12/2013;12; December ;2013
1;1;6;3;708; $20.00 ; $14,160.00 ; $1,132.80 ; $13,027.20 ; $7,080.00 ; $5,947.20 ;1/06/2014;6; June ;2014
1;5;6;3;2907; $7.00 ; $20,349.00 ; $1,627.92 ; $18,721.08 ; $14,535.00 ; $4,186.08 ;1/06/2014;6; June ;2014
1;2;6;3;1366; $20.00 ; $27,320.00 ; $2,185.60 ; $25,134.40 ; $13,660.00 ; $11,474.40 ;1/06/2014;6; June ;2014
5;4;6;3;2460; $300.00 ; $738,000.00 ; $59,040.00 ; $678,960.00 ; $615,000.00 ; $63,960.00 ;1/06/2014;6; June ;2014
1;2;6;3;1520; $20.00 ; $30,400.00 ; $2,432.00 ; $27,968.00 ; $15,200.00 ; $12,768.00 ;1/11/2014;11; November ;2014
2;2;6;3;711; $15.00 ; $10,665.00 ; $853.20 ; $9,811.80 ; $7,110.00 ; $2,701.80 ;1/12/2014;12; December ;2014
3;4;6;3;1375; $12.00 ; $16,500.00 ; $1,320.00 ; $15,180.00 ; $4,125.00 ; $11,055.00 ;1/12/2013;12; December ;2013
5;4;6;3;635; $300.00 ; $190,500.00 ; $15,240.00 ; $175,260.00 ; $158,750.00 ; $16,510.00 ;1/12/2014;12; December ;2014
1;5;5;3;436.5; $20.00 ; $8,730.00 ; $698.40 ; $8,031.60 ; $4,365.00 ; $3,666.60 ;1/07/2014;7; July ;2014
5;1;1;3;1094; $300.00 ; $328,200.00 ; $29,538.00 ; $298,662.00 ; $273,500.00 ; $25,162.00 ;1/06/2014;6; June ;2014
3;4;1;3;367; $12.00 ; $4,404.00 ; $396.36 ; $4,007.64 ; $1,101.00 ; $2,906.64 ;1/10/2013;10; October ;2013
5;1;2;3;3802.5; $300.00 ; $1,140,750.00 ; $102,667.50 ; $1,038,082.50 ; $950,625.00 ; $87,457.50 ;1/04/2014;4; April ;2014
1;3;2;3;1666; $350.00 ; $583,100.00 ; $52,479.00 ; $530,621.00 ; $433,160.00 ; $97,461.00 ;1/05/2014;5; May ;2014
5;3;2;3;322; $300.00 ; $96,600.00 ; $8,694.00 ; $87,906.00 ; $80,500.00 ; $7,406.00 ;1/09/2013;9; September ;2013
3;1;2;3;2321; $12.00 ; $27,852.00 ; $2,506.68 ; $25,345.32 ; $6,963.00 ; $18,382.32 ;1/11/2014;11; November ;2014
4;3;2;3;1857; $125.00 ; $232,125.00 ; $20,891.25 ; $211,233.75 ; $222,840.00 ; $(11,606.25);1/11/2013;11; November ;2013
1;1;2;3;1611; $7.00 ; $11,277.00 ; $1,014.93 ; $10,262.07 ; $8,055.00 ; $2,207.07 ;1/12/2013;12; December ;2013
4;5;2;3;2797; $125.00 ; $349,625.00 ; $31,466.25 ; $318,158.75 ; $335,640.00 ; $(17,481.25);1/12/2014;12; December ;2014
5;2;2;3;334; $300.00 ; $100,200.00 ; $9,018.00 ; $91,182.00 ; $83,500.00 ; $7,682.00 ;1/12/2013;12; December ;2013
5;4;3;3;2565; $300.00 ; $769,500.00 ; $69,255.00 ; $700,245.00 ; $641,250.00 ; $58,995.00 ;1/01/2014;1; January ;2014
1;4;3;3;2417; $350.00 ; $845,950.00 ; $76,135.50 ; $769,814.50 ; $628,420.00 ; $141,394.50 ;1/01/2014;1; January ;2014
2;5;3;3;3675; $15.00 ; $55,125.00 ; $4,961.25 ; $50,163.75 ; $36,750.00 ; $13,413.75 ;1/04/2014;4; April ;2014
5;1;3;3;1094; $300.00 ; $328,200.00 ; $29,538.00 ; $298,662.00 ; $273,500.00 ; $25,162.00 ;1/06/2014;6; June ;2014
2;3;3;3;1227; $15.00 ; $18,405.00 ; $1,656.45 ; $16,748.55 ; $12,270.00 ; $4,478.55 ;1/10/2014;10; October ;2014
3;4;3;3;367; $12.00 ; $4,404.00 ; $396.36 ; $4,007.64 ; $1,101.00 ; $2,906.64 ;1/10/2013;10; October ;2013
5;3;3;3;1324; $300.00 ; $397,200.00 ; $35,748.00 ; $361,452.00 ; $331,000.00 ; $30,452.00 ;1/11/2014;11; November ;2014
3;2;3;3;1775; $12.00 ; $21,300.00 ; $1,917.00 ; $19,383.00 ; $5,325.00 ; $14,058.00 ;1/11/2013;11; November ;2013
4;5;3;3;2797; $125.00 ; $349,625.00 ; $31,466.25 ; $318,158.75 ; $335,640.00 ; $(17,481.25);1/12/2014;12; December ;2014
2;4;4;3;245; $15.00 ; $3,675.00 ; $330.75 ; $3,344.25 ; $2,450.00 ; $894.25 ;1/05/2014;5; May ;2014
5;1;4;3;3793.5; $300.00 ; $1,138,050.00 ; $102,424.50 ; $1,035,625.50 ; $948,375.00 ; $87,250.50 ;1/07/2014;7; July ;2014
1;2;4;3;1307; $350.00 ; $457,450.00 ; $41,170.50 ; $416,279.50 ; $339,820.00 ; $76,459.50 ;1/07/2014;7; July ;2014
4;1;4;3;567; $125.00 ; $70,875.00 ; $6,378.75 ; $64,496.25 ; $68,040.00 ; $(3,543.75);1/09/2014;9; September ;2014
4;4;4;3;2110; $125.00 ; $263,750.00 ; $23,737.50 ; $240,012.50 ; $253,200.00 ; $(13,187.50);1/09/2014;9; September ;2014
1;1;4;3;1269; $350.00 ; $444,150.00 ; $39,973.50 ; $404,176.50 ; $329,940.00 ; $74,236.50 ;1/10/2014;10; October ;2014
3;5;5;3;1956; $12.00 ; $23,472.00 ; $2,112.48 ; $21,359.52 ; $5,868.00 ; $15,491.52 ;1/01/2014;1; January ;2014
5;2;5;3;2659; $300.00 ; $797,700.00 ; $71,793.00 ; $725,907.00 ; $664,750.00 ; $61,157.00 ;1/02/2014;2; February ;2014
1;5;5;3;1351.5; $350.00 ; $473,025.00 ; $42,572.25 ; $430,452.75 ; $351,390.00 ; $79,062.75 ;1/04/2014;4; April ;2014
3;2;5;3;880; $12.00 ; $10,560.00 ; $950.40 ; $9,609.60 ; $2,640.00 ; $6,969.60 ;1/05/2014;5; May ;2014
5;5;5;3;1867; $300.00 ; $560,100.00 ; $50,409.00 ; $509,691.00 ; $466,750.00 ; $42,941.00 ;1/09/2014;9; September ;2014
3;3;5;3;2234; $12.00 ; $26,808.00 ; $2,412.72 ; $24,395.28 ; $6,702.00 ; $17,693.28 ;1/09/2013;9; September ;2013
2;3;5;3;1227; $15.00 ; $18,405.00 ; $1,656.45 ; $16,748.55 ; $12,270.00 ; $4,478.55 ;1/10/2014;10; October ;2014
4;4;5;3;877; $125.00 ; $109,625.00 ; $9,866.25 ; $99,758.75 ; $105,240.00 ; $(5,481.25);1/11/2014;11; November ;2014
1;5;6;3;2071; $350.00 ; $724,850.00 ; $65,236.50 ; $659,613.50 ; $538,460.00 ; $121,153.50 ;1/09/2014;9; September ;2014
1;1;6;3;1269; $350.00 ; $444,150.00 ; $39,973.50 ; $404,176.50 ; $329,940.00 ; $74,236.50 ;1/10/2014;10; October ;2014
2;2;6;3;970; $15.00 ; $14,550.00 ; $1,309.50 ; $13,240.50 ; $9,700.00 ; $3,540.50 ;1/11/2013;11; November ;2013
1;4;6;3;1694; $20.00 ; $33,880.00 ; $3,049.20 ; $30,830.80 ; $16,940.00 ; $13,890.80 ;1/11/2014;11; November ;2014
1;2;1;3;663; $20.00 ; $13,260.00 ; $1,193.40 ; $12,066.60 ; $6,630.00 ; $5,436.60 ;1/05/2014;5; May ;2014
1;1;1;3;819; $7.00 ; $5,733.00 ; $515.97 ; $5,217.03 ; $4,095.00 ; $1,122.03 ;1/07/2014;7; July ;2014
3;2;1;3;1580; $12.00 ; $18,960.00 ; $1,706.40 ; $17,253.60 ; $4,740.00 ; $12,513.60 ;1/09/2014;9; September ;2014
1;4;1;3;521; $7.00 ; $3,647.00 ; $328.23 ; $3,318.77 ; $2,605.00 ; $713.77 ;1/12/2014;12; December ;2014
1;5;3;3;973; $20.00 ; $19,460.00 ; $1,751.40 ; $17,708.60 ; $9,730.00 ; $7,978.60 ;1/03/2014;3; March ;2014
1;4;3;3;1038; $20.00 ; $20,760.00 ; $1,868.40 ; $18,891.60 ; $10,380.00 ; $8,511.60 ;1/06/2014;6; June ;2014
1;2;3;3;360; $7.00 ; $2,520.00 ; $226.80 ; $2,293.20 ; $1,800.00 ; $493.20 ;1/10/2014;10; October ;2014
3;3;4;3;1967; $12.00 ; $23,604.00 ; $2,124.36 ; $21,479.64 ; $5,901.00 ; $15,578.64 ;1/03/2014;3; March ;2014
2;4;4;3;2628; $15.00 ; $39,420.00 ; $3,547.80 ; $35,872.20 ; $26,280.00 ; $9,592.20 ;1/04/2014;4; April ;2014
1;2;5;3;360; $7.00 ; $2,520.00 ; $226.80 ; $2,293.20 ; $1,800.00 ; $493.20 ;1/10/2014;10; October ;2014
1;3;5;3;2682; $20.00 ; $53,640.00 ; $4,827.60 ; $48,812.40 ; $26,820.00 ; $21,992.40 ;1/11/2013;11; November ;2013
1;4;5;3;521; $7.00 ; $3,647.00 ; $328.23 ; $3,318.77 ; $2,605.00 ; $713.77 ;1/12/2014;12; December ;2014
1;4;6;3;1038; $20.00 ; $20,760.00 ; $1,868.40 ; $18,891.60 ; $10,380.00 ; $8,511.60 ;1/06/2014;6; June ;2014
2;1;6;3;1630.5; $15.00 ; $24,457.50 ; $2,201.18 ; $22,256.33 ; $16,305.00 ; $5,951.33 ;1/07/2014;7; July ;2014
3;3;6;3;306; $12.00 ; $3,672.00 ; $330.48 ; $3,341.52 ; $918.00 ; $2,423.52 ;1/12/2013;12; December ;2013
3;5;1;4;386; $12.00 ; $4,632.00 ; $463.20 ; $4,168.80 ; $1,158.00 ; $3,010.80 ;1/10/2013;10; October ;2013
1;5;2;4;2328; $7.00 ; $16,296.00 ; $1,629.60 ; $14,666.40 ; $11,640.00 ; $3,026.40 ;1/09/2014;9; September ;2014
3;5;3;4;386; $12.00 ; $4,632.00 ; $463.20 ; $4,168.80 ; $1,158.00 ; $3,010.80 ;1/10/2013;10; October ;2013
4;5;1;4;3445.5; $125.00 ; $430,687.50 ; $43,068.75 ; $387,618.75 ; $413,460.00 ; $(25,841.25);1/04/2014;4; April ;2014
4;3;1;4;1482; $125.00 ; $185,250.00 ; $18,525.00 ; $166,725.00 ; $177,840.00 ; $(11,115.00);1/12/2013;12; December ;2013
1;5;2;4;2313; $350.00 ; $809,550.00 ; $80,955.00 ; $728,595.00 ; $601,380.00 ; $127,215.00 ;1/05/2014;5; May ;2014
4;5;2;4;1804; $125.00 ; $225,500.00 ; $22,550.00 ; $202,950.00 ; $216,480.00 ; $(13,530.00);1/11/2013;11; November ;2013
2;3;2;4;2072; $15.00 ; $31,080.00 ; $3,108.00 ; $27,972.00 ; $20,720.00 ; $7,252.00 ;1/12/2014;12; December ;2014
1;3;3;4;1954; $20.00 ; $39,080.00 ; $3,908.00 ; $35,172.00 ; $19,540.00 ; $15,632.00 ;1/03/2014;3; March ;2014
5;4;3;4;591; $300.00 ; $177,300.00 ; $17,730.00 ; $159,570.00 ; $147,750.00 ; $11,820.00 ;1/05/2014;5; May ;2014
2;3;3;4;2167; $15.00 ; $32,505.00 ; $3,250.50 ; $29,254.50 ; $21,670.00 ; $7,584.50 ;1/10/2013;10; October ;2013
1;2;3;4;241; $20.00 ; $4,820.00 ; $482.00 ; $4,338.00 ; $2,410.00 ; $1,928.00 ;1/10/2014;10; October ;2014
2;2;4;4;681; $15.00 ; $10,215.00 ; $1,021.50 ; $9,193.50 ; $6,810.00 ; $2,383.50 ;1/01/2014;1; January ;2014
2;2;4;4;510; $15.00 ; $7,650.00 ; $765.00 ; $6,885.00 ; $5,100.00 ; $1,785.00 ;1/04/2014;4; April ;2014
2;5;4;4;790; $15.00 ; $11,850.00 ; $1,185.00 ; $10,665.00 ; $7,900.00 ; $2,765.00 ;1/05/2014;5; May ;2014
1;3;4;4;639; $350.00 ; $223,650.00 ; $22,365.00 ; $201,285.00 ; $166,140.00 ; $35,145.00 ;1/07/2014;7; July ;2014
4;5;4;4;1596; $125.00 ; $199,500.00 ; $19,950.00 ; $179,550.00 ; $191,520.00 ; $(11,970.00);1/09/2014;9; September ;2014
5;5;4;4;2294; $300.00 ; $688,200.00 ; $68,820.00 ; $619,380.00 ; $573,500.00 ; $45,880.00 ;1/10/2013;10; October ;2013
1;2;4;4;241; $20.00 ; $4,820.00 ; $482.00 ; $4,338.00 ; $2,410.00 ; $1,928.00 ;1/10/2014;10; October ;2014
1;2;4;4;2665; $7.00 ; $18,655.00 ; $1,865.50 ; $16,789.50 ; $13,325.00 ; $3,464.50 ;1/11/2014;11; November ;2014
4;1;4;4;1916; $125.00 ; $239,500.00 ; $23,950.00 ; $215,550.00 ; $229,920.00 ; $(14,370.00);1/12/2013;12; December ;2013
5;3;4;4;853; $300.00 ; $255,900.00 ; $25,590.00 ; $230,310.00 ; $213,250.00 ; $17,060.00 ;1/12/2014;12; December ;2014
4;4;5;4;341; $125.00 ; $42,625.00 ; $4,262.50 ; $38,362.50 ; $40,920.00 ; $(2,557.50);1/05/2014;5; May ;2014
2;4;5;4;641; $15.00 ; $9,615.00 ; $961.50 ; $8,653.50 ; $6,410.00 ; $2,243.50 ;1/07/2014;7; July ;2014
1;5;5;4;2807; $350.00 ; $982,450.00 ; $98,245.00 ; $884,205.00 ; $729,820.00 ; $154,385.00 ;1/08/2014;8; August ;2014
5;4;5;4;432; $300.00 ; $129,600.00 ; $12,960.00 ; $116,640.00 ; $108,000.00 ; $8,640.00 ;1/09/2014;9; September ;2014
5;5;5;4;2294; $300.00 ; $688,200.00 ; $68,820.00 ; $619,380.00 ; $573,500.00 ; $45,880.00 ;1/10/2013;10; October ;2013
2;3;5;4;2167; $15.00 ; $32,505.00 ; $3,250.50 ; $29,254.50 ; $21,670.00 ; $7,584.50 ;1/10/2013;10; October ;2013
4;1;5;4;2529; $125.00 ; $316,125.00 ; $31,612.50 ; $284,512.50 ; $303,480.00 ; $(18,967.50);1/11/2014;11; November ;2014
1;2;5;4;1870; $350.00 ; $654,500.00 ; $65,450.00 ; $589,050.00 ; $486,200.00 ; $102,850.00 ;1/12/2013;12; December ;2013
4;5;6;4;579; $125.00 ; $72,375.00 ; $7,237.50 ; $65,137.50 ; $69,480.00 ; $(4,342.50);1/01/2014;1; January ;2014
1;1;6;4;2240; $350.00 ; $784,000.00 ; $78,400.00 ; $705,600.00 ; $582,400.00 ; $123,200.00 ;1/02/2014;2; February ;2014
5;5;6;4;2993; $300.00 ; $897,900.00 ; $89,790.00 ; $808,110.00 ; $748,250.00 ; $59,860.00 ;1/03/2014;3; March ;2014
3;1;6;4;3520.5; $12.00 ; $42,246.00 ; $4,224.60 ; $38,021.40 ; $10,561.50 ; $27,459.90 ;1/04/2014;4; April ;2014
1;4;6;4;2039; $20.00 ; $40,780.00 ; $4,078.00 ; $36,702.00 ; $20,390.00 ; $16,312.00 ;1/05/2014;5; May ;2014
3;2;6;4;2574; $12.00 ; $30,888.00 ; $3,088.80 ; $27,799.20 ; $7,722.00 ; $20,077.20 ;1/08/2014;8; August ;2014
1;1;6;4;707; $350.00 ; $247,450.00 ; $24,745.00 ; $222,705.00 ; $183,820.00 ; $38,885.00 ;1/09/2014;9; September ;2014
2;3;6;4;2072; $15.00 ; $31,080.00 ; $3,108.00 ; $27,972.00 ; $20,720.00 ; $7,252.00 ;1/12/2014;12; December ;2014
5;3;6;4;853; $300.00 ; $255,900.00 ; $25,590.00 ; $230,310.00 ; $213,250.00 ; $17,060.00 ;1/12/2014;12; December ;2014
3;3;1;4;1198; $12.00 ; $14,376.00 ; $1,581.36 ; $12,794.64 ; $3,594.00 ; $9,200.64 ;1/10/2013;10; October ;2013
1;3;3;4;2532; $7.00 ; $17,724.00 ; $1,949.64 ; $15,774.36 ; $12,660.00 ; $3,114.36 ;1/04/2014;4; April ;2014
3;3;3;4;1198; $12.00 ; $14,376.00 ; $1,581.36 ; $12,794.64 ; $3,594.00 ; $9,200.64 ;1/10/2013;10; October ;2013
2;1;4;4;384; $15.00 ; $5,760.00 ; $633.60 ; $5,126.40 ; $3,840.00 ; $1,286.40 ;1/01/2014;1; January ;2014
3;2;4;4;472; $12.00 ; $5,664.00 ; $623.04 ; $5,040.96 ; $1,416.00 ; $3,624.96 ;1/10/2014;10; October ;2014
1;5;5;4;1579; $7.00 ; $11,053.00 ; $1,215.83 ; $9,837.17 ; $7,895.00 ; $1,942.17 ;1/03/2014;3; March ;2014
3;4;5;4;1005; $12.00 ; $12,060.00 ; $1,326.60 ; $10,733.40 ; $3,015.00 ; $7,718.40 ;1/09/2013;9; September ;2013
2;5;6;4;3199.5; $15.00 ; $47,992.50 ; $5,279.18 ; $42,713.33 ; $31,995.00 ; $10,718.33 ;1/07/2014;7; July ;2014
3;2;6;4;472; $12.00 ; $5,664.00 ; $623.04 ; $5,040.96 ; $1,416.00 ; $3,624.96 ;1/10/2014;10; October ;2014
3;1;1;4;1937; $12.00 ; $23,244.00 ; $2,556.84 ; $20,687.16 ; $5,811.00 ; $14,876.16 ;1/02/2014;2; February ;2014
1;2;1;4;792; $350.00 ; $277,200.00 ; $30,492.00 ; $246,708.00 ; $205,920.00 ; $40,788.00 ;1/03/2014;3; March ;2014
5;2;1;4;2811; $300.00 ; $843,300.00 ; $92,763.00 ; $750,537.00 ; $702,750.00 ; $47,787.00 ;1/07/2014;7; July ;2014
4;3;1;4;2441; $125.00 ; $305,125.00 ; $33,563.75 ; $271,561.25 ; $292,920.00 ; $(21,358.75);1/10/2014;10; October ;2014
2;1;1;4;1560; $15.00 ; $23,400.00 ; $2,574.00 ; $20,826.00 ; $15,600.00 ; $5,226.00 ;1/11/2013;11; November ;2013
1;4;1;4;2706; $7.00 ; $18,942.00 ; $2,083.62 ; $16,858.38 ; $13,530.00 ; $3,328.38 ;1/11/2013;11; November ;2013
1;2;2;4;766; $350.00 ; $268,100.00 ; $29,491.00 ; $238,609.00 ; $199,160.00 ; $39,449.00 ;1/01/2014;1; January ;2014
1;2;2;4;2992; $20.00 ; $59,840.00 ; $6,582.40 ; $53,257.60 ; $29,920.00 ; $23,337.60 ;1/10/2013;10; October ;2013
2;4;2;4;2157; $15.00 ; $32,355.00 ; $3,559.05 ; $28,795.95 ; $21,570.00 ; $7,225.95 ;1/12/2014;12; December ;2014
5;1;3;4;873; $300.00 ; $261,900.00 ; $28,809.00 ; $233,091.00 ; $218,250.00 ; $14,841.00 ;1/01/2014;1; January ;2014
1;4;3;4;1122; $20.00 ; $22,440.00 ; $2,468.40 ; $19,971.60 ; $11,220.00 ; $8,751.60 ;1/03/2014;3; March ;2014
1;1;3;4;2104.5; $350.00 ; $736,575.00 ; $81,023.25 ; $655,551.75 ; $547,170.00 ; $108,381.75 ;1/07/2014;7; July ;2014
3;1;3;4;4026; $12.00 ; $48,312.00 ; $5,314.32 ; $42,997.68 ; $12,078.00 ; $30,919.68 ;1/07/2014;7; July ;2014
3;3;3;4;2425.5; $12.00 ; $29,106.00 ; $3,201.66 ; $25,904.34 ; $7,276.50 ; $18,627.84 ;1/07/2014;7; July ;2014
1;1;3;4;2394; $20.00 ; $47,880.00 ; $5,266.80 ; $42,613.20 ; $23,940.00 ; $18,673.20 ;1/08/2014;8; August ;2014
2;4;3;4;1984; $15.00 ; $29,760.00 ; $3,273.60 ; $26,486.40 ; $19,840.00 ; $6,646.40 ;1/08/2014;8; August ;2014
4;3;3;4;2441; $125.00 ; $305,125.00 ; $33,563.75 ; $271,561.25 ; $292,920.00 ; $(21,358.75);1/10/2014;10; October ;2014
1;2;3;4;2992; $20.00 ; $59,840.00 ; $6,582.40 ; $53,257.60 ; $29,920.00 ; $23,337.60 ;1/10/2013;10; October ;2013
5;1;3;4;1366; $300.00 ; $409,800.00 ; $45,078.00 ; $364,722.00 ; $341,500.00 ; $23,222.00 ;1/11/2014;11; November ;2014
1;3;4;4;2805; $20.00 ; $56,100.00 ; $6,171.00 ; $49,929.00 ; $28,050.00 ; $21,879.00 ;1/09/2013;9; September ;2013
2;4;4;4;655; $15.00 ; $9,825.00 ; $1,080.75 ; $8,744.25 ; $6,550.00 ; $2,194.25 ;1/09/2013;9; September ;2013
1;4;4;4;344; $350.00 ; $120,400.00 ; $13,244.00 ; $107,156.00 ; $89,440.00 ; $17,716.00 ;1/10/2013;10; October ;2013
1;1;4;4;1808; $7.00 ; $12,656.00 ; $1,392.16 ; $11,263.84 ; $9,040.00 ; $2,223.84 ;1/11/2014;11; November ;2014
3;3;5;4;1734; $12.00 ; $20,808.00 ; $2,288.88 ; $18,519.12 ; $5,202.00 ; $13,317.12 ;1/01/2014;1; January ;2014
4;4;5;4;554; $125.00 ; $69,250.00 ; $7,617.50 ; $61,632.50 ; $66,480.00 ; $(4,847.50);1/01/2014;1; January ;2014
1;1;5;4;2935; $20.00 ; $58,700.00 ; $6,457.00 ; $52,243.00 ; $29,350.00 ; $22,893.00 ;1/11/2013;11; November ;2013
4;2;6;4;3165; $125.00 ; $395,625.00 ; $43,518.75 ; $352,106.25 ; $379,800.00 ; $(27,693.75);1/01/2014;1; January ;2014
1;4;6;4;2629; $20.00 ; $52,580.00 ; $5,783.80 ; $46,796.20 ; $26,290.00 ; $20,506.20 ;1/01/2014;1; January ;2014
4;3;6;4;1433; $125.00 ; $179,125.00 ; $19,703.75 ; $159,421.25 ; $171,960.00 ; $(12,538.75);1/05/2014;5; May ;2014
4;4;6;4;947; $125.00 ; $118,375.00 ; $13,021.25 ; $105,353.75 ; $113,640.00 ; $(8,286.25);1/09/2013;9; September ;2013
1;4;6;4;344; $350.00 ; $120,400.00 ; $13,244.00 ; $107,156.00 ; $89,440.00 ; $17,716.00 ;1/10/2013;10; October ;2013
2;4;6;4;2157; $15.00 ; $32,355.00 ; $3,559.05 ; $28,795.95 ; $21,570.00 ; $7,225.95 ;1/12/2014;12; December ;2014
1;5;3;4;380; $7.00 ; $2,660.00 ; $292.60 ; $2,367.40 ; $1,900.00 ; $467.40 ;1/09/2013;9; September ;2013
1;4;1;4;886; $350.00 ; $310,100.00 ; $37,212.00 ; $272,888.00 ; $230,360.00 ; $42,528.00 ;1/06/2014;6; June ;2014
4;1;1;4;2416; $125.00 ; $302,000.00 ; $36,240.00 ; $265,760.00 ; $289,920.00 ; $(24,160.00);1/09/2013;9; September ;2013
4;4;1;4;2156; $125.00 ; $269,500.00 ; $32,340.00 ; $237,160.00 ; $258,720.00 ; $(21,560.00);1/10/2014;10; October ;2014
2;1;1;4;2689; $15.00 ; $40,335.00 ; $4,840.20 ; $35,494.80 ; $26,890.00 ; $8,604.80 ;1/11/2014;11; November ;2014
2;5;2;4;677; $15.00 ; $10,155.00 ; $1,218.60 ; $8,936.40 ; $6,770.00 ; $2,166.40 ;1/03/2014;3; March ;2014
5;3;2;4;1773; $300.00 ; $531,900.00 ; $63,828.00 ; $468,072.00 ; $443,250.00 ; $24,822.00 ;1/04/2014;4; April ;2014
1;4;2;4;2420; $7.00 ; $16,940.00 ; $2,032.80 ; $14,907.20 ; $12,100.00 ; $2,807.20 ;1/09/2014;9; September ;2014
1;1;2;4;2734; $7.00 ; $19,138.00 ; $2,296.56 ; $16,841.44 ; $13,670.00 ; $3,171.44 ;1/10/2014;10; October ;2014
1;4;2;4;1715; $20.00 ; $34,300.00 ; $4,116.00 ; $30,184.00 ; $17,150.00 ; $13,034.00 ;1/10/2013;10; October ;2013
5;3;2;4;1186; $300.00 ; $355,800.00 ; $42,696.00 ; $313,104.00 ; $296,500.00 ; $16,604.00 ;1/12/2013;12; December ;2013
5;5;3;4;3495; $300.00 ; $1,048,500.00 ; $125,820.00 ; $922,680.00 ; $873,750.00 ; $48,930.00 ;1/01/2014;1; January ;2014
1;4;3;4;886; $350.00 ; $310,100.00 ; $37,212.00 ; $272,888.00 ; $230,360.00 ; $42,528.00 ;1/06/2014;6; June ;2014
4;4;3;4;2156; $125.00 ; $269,500.00 ; $32,340.00 ; $237,160.00 ; $258,720.00 ; $(21,560.00);1/10/2014;10; October ;2014
1;4;3;4;905; $20.00 ; $18,100.00 ; $2,172.00 ; $15,928.00 ; $9,050.00 ; $6,878.00 ;1/10/2014;10; October ;2014
1;4;3;4;1715; $20.00 ; $34,300.00 ; $4,116.00 ; $30,184.00 ; $17,150.00 ; $13,034.00 ;1/10/2013;10; October ;2013
1;3;3;4;1594; $350.00 ; $557,900.00 ; $66,948.00 ; $490,952.00 ; $414,440.00 ; $76,512.00 ;1/11/2014;11; November ;2014
5;2;3;4;1359; $300.00 ; $407,700.00 ; $48,924.00 ; $358,776.00 ; $339,750.00 ; $19,026.00 ;1/11/2014;11; November ;2014
5;4;3;4;2150; $300.00 ; $645,000.00 ; $77,400.00 ; $567,600.00 ; $537,500.00 ; $30,100.00 ;1/11/2014;11; November ;2014
1;4;3;4;1197; $350.00 ; $418,950.00 ; $50,274.00 ; $368,676.00 ; $311,220.00 ; $57,456.00 ;1/11/2014;11; November ;2014
2;4;3;4;380; $15.00 ; $5,700.00 ; $684.00 ; $5,016.00 ; $3,800.00 ; $1,216.00 ;1/12/2013;12; December ;2013
1;4;3;4;1233; $20.00 ; $24,660.00 ; $2,959.20 ; $21,700.80 ; $12,330.00 ; $9,370.80 ;1/12/2014;12; December ;2014
1;4;4;4;1395; $350.00 ; $488,250.00 ; $58,590.00 ; $429,660.00 ; $362,700.00 ; $66,960.00 ;1/07/2014;7; July ;2014
1;5;4;4;986; $350.00 ; $345,100.00 ; $41,412.00 ; $303,688.00 ; $256,360.00 ; $47,328.00 ;1/10/2014;10; October ;2014
1;4;4;4;905; $20.00 ; $18,100.00 ; $2,172.00 ; $15,928.00 ; $9,050.00 ; $6,878.00 ;1/10/2014;10; October ;2014
3;1;5;4;2109; $12.00 ; $25,308.00 ; $3,036.96 ; $22,271.04 ; $6,327.00 ; $15,944.04 ;1/05/2014;5; May ;2014
2;3;5;4;3874.5; $15.00 ; $58,117.50 ; $6,974.10 ; $51,143.40 ; $38,745.00 ; $12,398.40 ;1/07/2014;7; July ;2014
1;1;5;4;623; $350.00 ; $218,050.00 ; $26,166.00 ; $191,884.00 ; $161,980.00 ; $29,904.00 ;1/09/2013;9; September ;2013
1;5;5;4;986; $350.00 ; $345,100.00 ; $41,412.00 ; $303,688.00 ; $256,360.00 ; $47,328.00 ;1/10/2014;10; October ;2014
4;5;5;4;2387; $125.00 ; $298,375.00 ; $35,805.00 ; $262,570.00 ; $286,440.00 ; $(23,870.00);1/11/2014;11; November ;2014
1;4;5;4;1233; $20.00 ; $24,660.00 ; $2,959.20 ; $21,700.80 ; $12,330.00 ; $9,370.80 ;1/12/2014;12; December ;2014
1;5;6;4;270; $350.00 ; $94,500.00 ; $11,340.00 ; $83,160.00 ; $70,200.00 ; $12,960.00 ;1/02/2014;2; February ;2014
1;3;6;4;3421.5; $7.00 ; $23,950.50 ; $2,874.06 ; $21,076.44 ; $17,107.50 ; $3,968.94 ;1/07/2014;7; July ;2014
1;1;6;4;2734; $7.00 ; $19,138.00 ; $2,296.56 ; $16,841.44 ; $13,670.00 ; $3,171.44 ;1/10/2014;10; October ;2014
2;5;6;4;2548; $15.00 ; $38,220.00 ; $4,586.40 ; $33,633.60 ; $25,480.00 ; $8,153.60 ;1/11/2013;11; November ;2013
1;3;1;4;2521.5; $20.00 ; $50,430.00 ; $6,051.60 ; $44,378.40 ; $25,215.00 ; $19,163.40 ;1/01/2014;1; January ;2014
3;4;2;4;2661; $12.00 ; $31,932.00 ; $3,831.84 ; $28,100.16 ; $7,983.00 ; $20,117.16 ;1/05/2014;5; May ;2014
1;2;3;4;1531; $20.00 ; $30,620.00 ; $3,674.40 ; $26,945.60 ; $15,310.00 ; $11,635.60 ;1/12/2014;12; December ;2014
1;3;5;4;1491; $7.00 ; $10,437.00 ; $1,252.44 ; $9,184.56 ; $7,455.00 ; $1,729.56 ;1/03/2014;3; March ;2014
1;2;5;4;1531; $20.00 ; $30,620.00 ; $3,674.40 ; $26,945.60 ; $15,310.00 ; $11,635.60 ;1/12/2014;12; December ;2014
3;1;6;4;2761; $12.00 ; $33,132.00 ; $3,975.84 ; $29,156.16 ; $8,283.00 ; $20,873.16 ;1/09/2013;9; September ;2013
2;5;1;4;2567; $15.00 ; $38,505.00 ; $5,005.65 ; $33,499.35 ; $25,670.00 ; $7,829.35 ;1/06/2014;6; June ;2014
2;5;5;4;2567; $15.00 ; $38,505.00 ; $5,005.65 ; $33,499.35 ; $25,670.00 ; $7,829.35 ;1/06/2014;6; June ;2014
1;1;1;4;923; $350.00 ; $323,050.00 ; $41,996.50 ; $281,053.50 ; $239,980.00 ; $41,073.50 ;1/03/2014;3; March ;2014
1;3;1;4;1790; $350.00 ; $626,500.00 ; $81,445.00 ; $545,055.00 ; $465,400.00 ; $79,655.00 ;1/03/2014;3; March ;2014
1;2;1;4;442; $20.00 ; $8,840.00 ; $1,149.20 ; $7,690.80 ; $4,420.00 ; $3,270.80 ;1/09/2013;9; September ;2013
1;5;2;4;982.5; $350.00 ; $343,875.00 ; $44,703.75 ; $299,171.25 ; $255,450.00 ; $43,721.25 ;1/01/2014;1; January ;2014
1;5;2;4;1298; $7.00 ; $9,086.00 ; $1,181.18 ; $7,904.82 ; $6,490.00 ; $1,414.82 ;1/02/2014;2; February ;2014
3;4;2;4;604; $12.00 ; $7,248.00 ; $942.24 ; $6,305.76 ; $1,812.00 ; $4,493.76 ;1/06/2014;6; June ;2014
1;4;2;4;2255; $20.00 ; $45,100.00 ; $5,863.00 ; $39,237.00 ; $22,550.00 ; $16,687.00 ;1/07/2014;7; July ;2014
1;1;2;4;1249; $20.00 ; $24,980.00 ; $3,247.40 ; $21,732.60 ; $12,490.00 ; $9,242.60 ;1/10/2014;10; October ;2014
1;5;3;4;1438.5; $7.00 ; $10,069.50 ; $1,309.04 ; $8,760.47 ; $7,192.50 ; $1,567.97 ;1/01/2014;1; January ;2014
5;2;3;4;807; $300.00 ; $242,100.00 ; $31,473.00 ; $210,627.00 ; $201,750.00 ; $8,877.00 ;1/01/2014;1; January ;2014
1;5;3;4;2641; $20.00 ; $52,820.00 ; $6,866.60 ; $45,953.40 ; $26,410.00 ; $19,543.40 ;1/02/2014;2; February ;2014
1;2;3;4;2708; $20.00 ; $54,160.00 ; $7,040.80 ; $47,119.20 ; $27,080.00 ; $20,039.20 ;1/02/2014;2; February ;2014
1;1;3;4;2632; $350.00 ; $921,200.00 ; $119,756.00 ; $801,444.00 ; $684,320.00 ; $117,124.00 ;1/06/2014;6; June ;2014
4;1;3;4;1583; $125.00 ; $197,875.00 ; $25,723.75 ; $172,151.25 ; $189,960.00 ; $(17,808.75);1/06/2014;6; June ;2014
3;4;3;4;571; $12.00 ; $6,852.00 ; $890.76 ; $5,961.24 ; $1,713.00 ; $4,248.24 ;1/07/2014;7; July ;2014
1;3;3;4;2696; $7.00 ; $18,872.00 ; $2,453.36 ; $16,418.64 ; $13,480.00 ; $2,938.64 ;1/08/2014;8; August ;2014
2;1;3;4;1565; $15.00 ; $23,475.00 ; $3,051.75 ; $20,423.25 ; $15,650.00 ; $4,773.25 ;1/10/2014;10; October ;2014
1;1;3;4;1249; $20.00 ; $24,980.00 ; $3,247.40 ; $21,732.60 ; $12,490.00 ; $9,242.60 ;1/10/2014;10; October ;2014
1;2;3;4;357; $350.00 ; $124,950.00 ; $16,243.50 ; $108,706.50 ; $92,820.00 ; $15,886.50 ;1/11/2014;11; November ;2014
3;2;3;4;1013; $12.00 ; $12,156.00 ; $1,580.28 ; $10,575.72 ; $3,039.00 ; $7,536.72 ;1/12/2014;12; December ;2014
2;3;4;4;3997.5; $15.00 ; $59,962.50 ; $7,795.13 ; $52,167.38 ; $39,975.00 ; $12,192.38 ;1/01/2014;1; January ;2014
1;1;4;4;2632; $350.00 ; $921,200.00 ; $119,756.00 ; $801,444.00 ; $684,320.00 ; $117,124.00 ;1/06/2014;6; June ;2014
1;3;4;4;1190; $7.00 ; $8,330.00 ; $1,082.90 ; $7,247.10 ; $5,950.00 ; $1,297.10 ;1/06/2014;6; June ;2014
3;4;4;4;604; $12.00 ; $7,248.00 ; $942.24 ; $6,305.76 ; $1,812.00 ; $4,493.76 ;1/06/2014;6; June ;2014
2;2;4;4;660; $15.00 ; $9,900.00 ; $1,287.00 ; $8,613.00 ; $6,600.00 ; $2,013.00 ;1/09/2013;9; September ;2013
3;4;4;4;410; $12.00 ; $4,920.00 ; $639.60 ; $4,280.40 ; $1,230.00 ; $3,050.40 ;1/10/2014;10; October ;2014
5;4;4;4;2605; $300.00 ; $781,500.00 ; $101,595.00 ; $679,905.00 ; $651,250.00 ; $28,655.00 ;1/11/2013;11; November ;2013
3;2;4;4;1013; $12.00 ; $12,156.00 ; $1,580.28 ; $10,575.72 ; $3,039.00 ; $7,536.72 ;1/12/2014;12; December ;2014
4;1;5;4;1583; $125.00 ; $197,875.00 ; $25,723.75 ; $172,151.25 ; $189,960.00 ; $(17,808.75);1/06/2014;6; June ;2014
2;1;5;4;1565; $15.00 ; $23,475.00 ; $3,051.75 ; $20,423.25 ; $15,650.00 ; $4,773.25 ;1/10/2014;10; October ;2014
4;1;6;4;1659; $125.00 ; $207,375.00 ; $26,958.75 ; $180,416.25 ; $199,080.00 ; $(18,663.75);1/01/2014;1; January ;2014
1;3;6;4;1190; $7.00 ; $8,330.00 ; $1,082.90 ; $7,247.10 ; $5,950.00 ; $1,297.10 ;1/06/2014;6; June ;2014
3;4;6;4;410; $12.00 ; $4,920.00 ; $639.60 ; $4,280.40 ; $1,230.00 ; $3,050.40 ;1/10/2014;10; October ;2014
3;2;6;4;1770; $12.00 ; $21,240.00 ; $2,761.20 ; $18,478.80 ; $5,310.00 ; $13,168.80 ;1/12/2013;12; December ;2013
1;4;1;4;2579; $20.00 ; $51,580.00 ; $7,221.20 ; $44,358.80 ; $25,790.00 ; $18,568.80 ;1/04/2014;4; April ;2014
1;5;1;4;1743; $20.00 ; $34,860.00 ; $4,880.40 ; $29,979.60 ; $17,430.00 ; $12,549.60 ;1/05/2014;5; May ;2014
1;5;1;4;2996; $7.00 ; $20,972.00 ; $2,936.08 ; $18,035.92 ; $14,980.00 ; $3,055.92 ;1/10/2013;10; October ;2013
1;2;1;4;280; $7.00 ; $1,960.00 ; $274.40 ; $1,685.60 ; $1,400.00 ; $285.60 ;1/12/2014;12; December ;2014
1;3;2;4;293; $7.00 ; $2,051.00 ; $287.14 ; $1,763.86 ; $1,465.00 ; $298.86 ;1/02/2014;2; February ;2014
1;5;2;4;2996; $7.00 ; $20,972.00 ; $2,936.08 ; $18,035.92 ; $14,980.00 ; $3,055.92 ;1/10/2013;10; October ;2013
2;2;3;4;278; $15.00 ; $4,170.00 ; $583.80 ; $3,586.20 ; $2,780.00 ; $806.20 ;1/02/2014;2; February ;2014
1;1;3;4;2428; $20.00 ; $48,560.00 ; $6,798.40 ; $41,761.60 ; $24,280.00 ; $17,481.60 ;1/03/2014;3; March ;2014
2;5;3;4;1767; $15.00 ; $26,505.00 ; $3,710.70 ; $22,794.30 ; $17,670.00 ; $5,124.30 ;1/09/2014;9; September ;2014
3;3;3;4;1393; $12.00 ; $16,716.00 ; $2,340.24 ; $14,375.76 ; $4,179.00 ; $10,196.76 ;1/10/2014;10; October ;2014
1;2;5;4;280; $7.00 ; $1,960.00 ; $274.40 ; $1,685.60 ; $1,400.00 ; $285.60 ;1/12/2014;12; December ;2014
3;3;6;4;1393; $12.00 ; $16,716.00 ; $2,340.24 ; $14,375.76 ; $4,179.00 ; $10,196.76 ;1/10/2014;10; October ;2014
3;5;6;4;2015; $12.00 ; $24,180.00 ; $3,385.20 ; $20,794.80 ; $6,045.00 ; $14,749.80 ;1/12/2013;12; December ;2013
5;4;1;4;801; $300.00 ; $240,300.00 ; $33,642.00 ; $206,658.00 ; $200,250.00 ; $6,408.00 ;1/07/2014;7; July ;2014
4;3;1;4;1023; $125.00 ; $127,875.00 ; $17,902.50 ; $109,972.50 ; $122,760.00 ; $(12,787.50);1/09/2013;9; September ;2013
5;1;1;4;1496; $300.00 ; $448,800.00 ; $62,832.00 ; $385,968.00 ; $374,000.00 ; $11,968.00 ;1/10/2014;10; October ;2014
5;5;1;4;1010; $300.00 ; $303,000.00 ; $42,420.00 ; $260,580.00 ; $252,500.00 ; $8,080.00 ;1/10/2014;10; October ;2014
2;2;1;4;1513; $15.00 ; $22,695.00 ; $3,177.30 ; $19,517.70 ; $15,130.00 ; $4,387.70 ;1/11/2014;11; November ;2014
2;1;1;4;2300; $15.00 ; $34,500.00 ; $4,830.00 ; $29,670.00 ; $23,000.00 ; $6,670.00 ;1/12/2014;12; December ;2014
4;4;1;4;2821; $125.00 ; $352,625.00 ; $49,367.50 ; $303,257.50 ; $338,520.00 ; $(35,262.50);1/12/2013;12; December ;2013
1;1;2;4;2227.5; $350.00 ; $779,625.00 ; $109,147.50 ; $670,477.50 ; $579,150.00 ; $91,327.50 ;1/01/2014;1; January ;2014
1;2;2;4;1199; $350.00 ; $419,650.00 ; $58,751.00 ; $360,899.00 ; $311,740.00 ; $49,159.00 ;1/04/2014;4; April ;2014
1;1;2;4;200; $350.00 ; $70,000.00 ; $9,800.00 ; $60,200.00 ; $52,000.00 ; $8,200.00 ;1/05/2014;5; May ;2014
1;1;2;4;388; $7.00 ; $2,716.00 ; $380.24 ; $2,335.76 ; $1,940.00 ; $395.76 ;1/09/2014;9; September ;2014
1;4;2;4;1727; $7.00 ; $12,089.00 ; $1,692.46 ; $10,396.54 ; $8,635.00 ; $1,761.54 ;1/10/2013;10; October ;2013
2;1;2;4;2300; $15.00 ; $34,500.00 ; $4,830.00 ; $29,670.00 ; $23,000.00 ; $6,670.00 ;1/12/2014;12; December ;2014
1;4;3;4;260; $20.00 ; $5,200.00 ; $728.00 ; $4,472.00 ; $2,600.00 ; $1,872.00 ;1/02/2014;2; February ;2014
2;1;3;4;2470; $15.00 ; $37,050.00 ; $5,187.00 ; $31,863.00 ; $24,700.00 ; $7,163.00 ;1/09/2013;9; September ;2013
2;1;3;4;1743; $15.00 ; $26,145.00 ; $3,660.30 ; $22,484.70 ; $17,430.00 ; $5,054.70 ;1/10/2013;10; October ;2013
3;5;3;4;2914; $12.00 ; $34,968.00 ; $4,895.52 ; $30,072.48 ; $8,742.00 ; $21,330.48 ;1/10/2014;10; October ;2014
1;3;3;4;1731; $7.00 ; $12,117.00 ; $1,696.38 ; $10,420.62 ; $8,655.00 ; $1,765.62 ;1/10/2014;10; October ;2014
1;1;3;4;700; $350.00 ; $245,000.00 ; $34,300.00 ; $210,700.00 ; $182,000.00 ; $28,700.00 ;1/11/2014;11; November ;2014
3;1;3;4;2222; $12.00 ; $26,664.00 ; $3,732.96 ; $22,931.04 ; $6,666.00 ; $16,265.04 ;1/11/2013;11; November ;2013
1;5;3;4;1177; $350.00 ; $411,950.00 ; $57,673.00 ; $354,277.00 ; $306,020.00 ; $48,257.00 ;1/11/2014;11; November ;2014
1;3;3;4;1922; $350.00 ; $672,700.00 ; $94,178.00 ; $578,522.00 ; $499,720.00 ; $78,802.00 ;1/11/2013;11; November ;2013
4;4;4;4;1575; $125.00 ; $196,875.00 ; $27,562.50 ; $169,312.50 ; $189,000.00 ; $(19,687.50);1/02/2014;2; February ;2014
1;5;4;4;606; $20.00 ; $12,120.00 ; $1,696.80 ; $10,423.20 ; $6,060.00 ; $4,363.20 ;1/04/2014;4; April ;2014
5;5;4;4;2460; $300.00 ; $738,000.00 ; $103,320.00 ; $634,680.00 ; $615,000.00 ; $19,680.00 ;1/07/2014;7; July ;2014
5;1;4;4;269; $300.00 ; $80,700.00 ; $11,298.00 ; $69,402.00 ; $67,250.00 ; $2,152.00 ;1/10/2013;10; October ;2013
5;2;4;4;2536; $300.00 ; $760,800.00 ; $106,512.00 ; $654,288.00 ; $634,000.00 ; $20,288.00 ;1/11/2013;11; November ;2013
1;4;5;4;2903; $7.00 ; $20,321.00 ; $2,844.94 ; $17,476.06 ; $14,515.00 ; $2,961.06 ;1/03/2014;3; March ;2014
5;5;5;4;2541; $300.00 ; $762,300.00 ; $106,722.00 ; $655,578.00 ; $635,250.00 ; $20,328.00 ;1/08/2014;8; August ;2014
5;1;5;4;269; $300.00 ; $80,700.00 ; $11,298.00 ; $69,402.00 ; $67,250.00 ; $2,152.00 ;1/10/2013;10; October ;2013
5;1;5;4;1496; $300.00 ; $448,800.00 ; $62,832.00 ; $385,968.00 ; $374,000.00 ; $11,968.00 ;1/10/2014;10; October ;2014
5;5;5;4;1010; $300.00 ; $303,000.00 ; $42,420.00 ; $260,580.00 ; $252,500.00 ; $8,080.00 ;1/10/2014;10; October ;2014
1;3;5;4;1281; $350.00 ; $448,350.00 ; $62,769.00 ; $385,581.00 ; $333,060.00 ; $52,521.00 ;1/12/2013;12; December ;2013
5;1;6;4;888; $300.00 ; $266,400.00 ; $37,296.00 ; $229,104.00 ; $222,000.00 ; $7,104.00 ;1/03/2014;3; March ;2014
4;5;6;4;2844; $125.00 ; $355,500.00 ; $49,770.00 ; $305,730.00 ; $341,280.00 ; $(35,550.00);1/05/2014;5; May ;2014
3;3;6;4;2475; $12.00 ; $29,700.00 ; $4,158.00 ; $25,542.00 ; $7,425.00 ; $18,117.00 ;1/08/2014;8; August ;2014
2;1;6;4;1743; $15.00 ; $26,145.00 ; $3,660.30 ; $22,484.70 ; $17,430.00 ; $5,054.70 ;1/10/2013;10; October ;2013
3;5;6;4;2914; $12.00 ; $34,968.00 ; $4,895.52 ; $30,072.48 ; $8,742.00 ; $21,330.48 ;1/10/2014;10; October ;2014
1;3;6;4;1731; $7.00 ; $12,117.00 ; $1,696.38 ; $10,420.62 ; $8,655.00 ; $1,765.62 ;1/10/2014;10; October ;2014
1;4;6;4;1727; $7.00 ; $12,089.00 ; $1,692.46 ; $10,396.54 ; $8,635.00 ; $1,761.54 ;1/10/2013;10; October ;2013
2;4;6;4;1870; $15.00 ; $28,050.00 ; $3,927.00 ; $24,123.00 ; $18,700.00 ; $5,423.00 ;1/11/2013;11; November ;2013
4;3;1;4;1174; $125.00 ; $146,750.00 ; $22,012.50 ; $124,737.50 ; $140,880.00 ; $(16,142.50);1/08/2014;8; August ;2014
4;2;1;4;2767; $125.00 ; $345,875.00 ; $51,881.25 ; $293,993.75 ; $332,040.00 ; $(38,046.25);1/08/2014;8; August ;2014
4;2;1;4;1085; $125.00 ; $135,625.00 ; $20,343.75 ; $115,281.25 ; $130,200.00 ; $(14,918.75);1/10/2014;10; October ;2014
5;4;2;4;546; $300.00 ; $163,800.00 ; $24,570.00 ; $139,230.00 ; $136,500.00 ; $2,730.00 ;1/10/2014;10; October ;2014
1;2;3;4;1158; $20.00 ; $23,160.00 ; $3,474.00 ; $19,686.00 ; $11,580.00 ; $8,106.00 ;1/03/2014;3; March ;2014
2;1;3;4;1614; $15.00 ; $24,210.00 ; $3,631.50 ; $20,578.50 ; $16,140.00 ; $4,438.50 ;1/04/2014;4; April ;2014
1;4;3;4;2535; $7.00 ; $17,745.00 ; $2,661.75 ; $15,083.25 ; $12,675.00 ; $2,408.25 ;1/04/2014;4; April ;2014
1;4;3;4;2851; $350.00 ; $997,850.00 ; $149,677.50 ; $848,172.50 ; $741,260.00 ; $106,912.50 ;1/05/2014;5; May ;2014
2;1;3;4;2559; $15.00 ; $38,385.00 ; $5,757.75 ; $32,627.25 ; $25,590.00 ; $7,037.25 ;1/08/2014;8; August ;2014
1;5;3;4;267; $20.00 ; $5,340.00 ; $801.00 ; $4,539.00 ; $2,670.00 ; $1,869.00 ;1/10/2013;10; October ;2013
4;2;3;4;1085; $125.00 ; $135,625.00 ; $20,343.75 ; $115,281.25 ; $130,200.00 ; $(14,918.75);1/10/2014;10; October ;2014
2;2;3;4;1175; $15.00 ; $17,625.00 ; $2,643.75 ; $14,981.25 ; $11,750.00 ; $3,231.25 ;1/10/2014;10; October ;2014
1;5;3;4;2007; $350.00 ; $702,450.00 ; $105,367.50 ; $597,082.50 ; $521,820.00 ; $75,262.50 ;1/11/2013;11; November ;2013
1;4;3;4;2151; $350.00 ; $752,850.00 ; $112,927.50 ; $639,922.50 ; $559,260.00 ; $80,662.50 ;1/11/2013;11; November ;2013
3;5;3;4;914; $12.00 ; $10,968.00 ; $1,645.20 ; $9,322.80 ; $2,742.00 ; $6,580.80 ;1/12/2014;12; December ;2014
1;3;3;4;293; $20.00 ; $5,860.00 ; $879.00 ; $4,981.00 ; $2,930.00 ; $2,051.00 ;1/12/2014;12; December ;2014
3;4;4;4;500; $12.00 ; $6,000.00 ; $900.00 ; $5,100.00 ; $1,500.00 ; $3,600.00 ;1/03/2014;3; March ;2014
2;3;4;4;2826; $15.00 ; $42,390.00 ; $6,358.50 ; $36,031.50 ; $28,260.00 ; $7,771.50 ;1/05/2014;5; May ;2014
4;3;4;4;663; $125.00 ; $82,875.00 ; $12,431.25 ; $70,443.75 ; $79,560.00 ; $(9,116.25);1/09/2014;9; September ;2014
5;5;4;4;2574; $300.00 ; $772,200.00 ; $115,830.00 ; $656,370.00 ; $643,500.00 ; $12,870.00 ;1/11/2013;11; November ;2013
4;5;4;4;2438; $125.00 ; $304,750.00 ; $45,712.50 ; $259,037.50 ; $292,560.00 ; $(33,522.50);1/12/2013;12; December ;2013
3;5;4;4;914; $12.00 ; $10,968.00 ; $1,645.20 ; $9,322.80 ; $2,742.00 ; $6,580.80 ;1/12/2014;12; December ;2014
1;1;5;4;865.5; $20.00 ; $17,310.00 ; $2,596.50 ; $14,713.50 ; $8,655.00 ; $6,058.50 ;1/07/2014;7; July ;2014
2;2;5;4;492; $15.00 ; $7,380.00 ; $1,107.00 ; $6,273.00 ; $4,920.00 ; $1,353.00 ;1/07/2014;7; July ;2014
1;5;5;4;267; $20.00 ; $5,340.00 ; $801.00 ; $4,539.00 ; $2,670.00 ; $1,869.00 ;1/10/2013;10; October ;2013
2;2;5;4;1175; $15.00 ; $17,625.00 ; $2,643.75 ; $14,981.25 ; $11,750.00 ; $3,231.25 ;1/10/2014;10; October ;2014
4;1;5;4;2954; $125.00 ; $369,250.00 ; $55,387.50 ; $313,862.50 ; $354,480.00 ; $(40,617.50);1/11/2013;11; November ;2013
4;2;5;4;552; $125.00 ; $69,000.00 ; $10,350.00 ; $58,650.00 ; $66,240.00 ; $(7,590.00);1/11/2014;11; November ;2014
1;3;5;4;293; $20.00 ; $5,860.00 ; $879.00 ; $4,981.00 ; $2,930.00 ; $2,051.00 ;1/12/2014;12; December ;2014
5;3;6;4;2475; $300.00 ; $742,500.00 ; $111,375.00 ; $631,125.00 ; $618,750.00 ; $12,375.00 ;1/03/2014;3; March ;2014
5;4;6;4;546; $300.00 ; $163,800.00 ; $24,570.00 ; $139,230.00 ; $136,500.00 ; $2,730.00 ;1/10/2014;10; October ;2014
1;4;2;4;1368; $7.00 ; $9,576.00 ; $1,436.40 ; $8,139.60 ; $6,840.00 ; $1,299.60 ;1/02/2014;2; February ;2014
1;1;3;4;723; $7.00 ; $5,061.00 ; $759.15 ; $4,301.85 ; $3,615.00 ; $686.85 ;1/04/2014;4; April ;2014
3;5;5;4;1806; $12.00 ; $21,672.00 ; $3,250.80 ; $18,421.20 ; $5,418.00 ; $13,003.20 ;1/05/2014;5; May ;2014
